Timestamp,Average,Unit
2021-09-01 15:40:00+00:00,71.3604773253779,Percent
2021-09-01 14:47:00+00:00,71.39381010316494,Percent
2021-09-02 12:52:00+00:00,71.61666666666666,Percent
2021-09-02 10:13:00+00:00,70.75166666666667,Percent
2021-09-02 11:06:00+00:00,41.609026817113616,Percent
2021-09-02 11:59:00+00:00,71.79452990883182,Percent
2021-09-01 17:45:00+00:00,0.0416666666666666,Percent
2021-09-01 18:38:00+00:00,70.44215929734503,Percent
2021-09-02 02:35:00+00:00,0.0466666666666666,Percent
2021-09-02 03:28:00+00:00,71.11118518641977,Percent
2021-09-02 00:49:00+00:00,71.41166666666666,Percent
2021-09-02 01:42:00+00:00,71.66833333333334,Percent
2021-09-01 19:31:00+00:00,71.34166666666667,Percent
2021-09-01 20:24:00+00:00,47.93913231887198,Percent
2021-09-01 15:17:00+00:00,71.7,Percent
2021-09-01 16:10:00+00:00,71.16333333333334,Percent
2021-09-01 17:03:00+00:00,71.995,Percent
2021-09-02 10:09:00+00:00,72.61333333333333,Percent
2021-09-02 11:02:00+00:00,72.568790520158,Percent
2021-09-02 11:55:00+00:00,0.0383339722328705,Percent
2021-09-02 12:48:00+00:00,71.38381026982884,Percent
2021-09-02 03:05:00+00:00,0.0416673611226853,Percent
2021-09-02 03:58:00+00:00,71.85953099218321,Percent
2021-09-02 04:51:00+00:00,71.46666666666665,Percent
2021-09-02 05:44:00+00:00,51.205853430890514,Percent
2021-09-01 22:21:00+00:00,70.77666666666666,Percent
2021-09-01 23:14:00+00:00,49.36333333333333,Percent
2021-09-02 00:07:00+00:00,71.76166666666666,Percent
2021-09-02 01:00:00+00:00,71.61452690878181,Percent
2021-09-01 17:56:00+00:00,48.075865402243295,Percent
2021-09-01 16:06:00+00:00,49.333333333333336,Percent
2021-09-01 17:52:00+00:00,71.77,Percent
2021-09-02 13:18:00+00:00,71.12785213086885,Percent
2021-09-01 22:37:00+00:00,71.66213896435059,Percent
2021-09-02 00:23:00+00:00,71.62619376989616,Percent
2021-09-01 17:19:00+00:00,72.3762062701045,Percent
2021-09-01 15:33:00+00:00,72.00833333333333,Percent
2021-09-02 10:25:00+00:00,0.0366672777879631,Percent
2021-09-02 12:11:00+00:00,71.7678627977133,Percent
2021-09-02 09:43:00+00:00,71.58833333333334,Percent
2021-09-02 07:57:00+00:00,71.48547524207929,Percent
2021-09-02 01:26:00+00:00,45.37666666666666,Percent
2021-09-01 20:08:00+00:00,71.53452557542626,Percent
2021-09-01 18:22:00+00:00,71.23595880137329,Percent
2021-09-02 08:34:00+00:00,52.49587493124885,Percent
2021-09-02 10:20:00+00:00,71.40880985316912,Percent
2021-09-02 01:30:00+00:00,72.37666666666667,Percent
2021-09-02 03:16:00+00:00,44.71907865131085,Percent
2021-09-01 17:15:00+00:00,0.041665972233796096,Percent
2021-09-01 15:29:00+00:00,71.74333333333334,Percent
2021-09-02 02:39:00+00:00,71.41714304761587,Percent
2021-09-02 00:53:00+00:00,70.87881868635523,Percent
2021-09-02 12:41:00+00:00,71.60333333333332,Percent
2021-09-01 19:47:00+00:00,71.21095963467883,Percent
2021-09-01 20:40:00+00:00,71.17833333333334,Percent
2021-09-01 15:03:00+00:00,71.8580737629785,Percent
2021-09-01 15:56:00+00:00,48.28333333333333,Percent
2021-09-02 02:51:00+00:00,72.285,Percent
2021-09-02 03:44:00+00:00,50.986666666666665,Percent
2021-09-02 09:57:00+00:00,71.28666666666666,Percent
2021-09-02 10:50:00+00:00,70.79666666666667,Percent
2021-09-02 05:07:00+00:00,70.06950115835264,Percent
2021-09-02 02:49:00+00:00,72.14999999999999,Percent
2021-09-02 03:42:00+00:00,71.735,Percent
2021-09-02 12:15:00+00:00,0.0433333333333333,Percent
2021-09-02 13:08:00+00:00,71.3645227420457,Percent
2021-09-01 22:05:00+00:00,0.041665972233796096,Percent
2021-09-01 22:58:00+00:00,71.38452307538459,Percent
2021-09-01 15:01:00+00:00,71.22,Percent
2021-09-01 15:54:00+00:00,46.58333333333333,Percent
2021-09-02 09:53:00+00:00,70.94666666666667,Percent
2021-09-02 10:46:00+00:00,42.502375039583995,Percent
2021-09-02 01:14:00+00:00,49.95166666666667,Percent
2021-09-01 15:13:00+00:00,71.05499999999999,Percent
2021-09-02 00:39:00+00:00,71.00833333333333,Percent
2021-09-02 13:02:00+00:00,71.37547707538208,Percent
2021-09-02 12:25:00+00:00,0.0366666666666666,Percent
2021-09-02 08:18:00+00:00,70.97833333333334,Percent
2021-09-01 18:12:00+00:00,71.72833333333334,Percent
2021-09-02 13:04:00+00:00,53.7425623760396,Percent
2021-09-02 06:00:00+00:00,71.47024017867561,Percent
2021-09-01 17:35:00+00:00,0.0416687501041718,Percent
2021-09-02 12:27:00+00:00,70.41882635289411,Percent
2021-09-02 05:23:00+00:00,71.25047915868069,Percent
2021-09-01 15:50:00+00:00,71.71952865881099,Percent
2021-09-02 01:16:00+00:00,45.61666666666667,Percent
2021-09-02 01:10:00+00:00,72.25592480250658,Percent
2021-09-02 10:36:00+00:00,41.969032817213616,Percent
2021-09-02 00:33:00+00:00,70.93715104748253,Percent
2021-09-02 09:59:00+00:00,72.0707356911897,Percent
2021-09-01 17:29:00+00:00,70.83805587039136,Percent
2021-09-02 02:55:00+00:00,0.0349988333722209,Percent
2021-09-02 07:41:00+00:00,71.8,Percent
2021-09-01 18:08:00+00:00,71.97546707554874,Percent
2021-09-02 00:37:00+00:00,71.71427619079364,Percent
2021-09-01 18:06:00+00:00,48.16919718004699,Percent
2021-09-02 03:32:00+00:00,71.27547874202097,Percent
2021-09-01 17:31:00+00:00,71.16333333333334,Percent
2021-09-01 16:31:00+00:00,71.39166666666667,Percent
2021-09-01 17:24:00+00:00,46.919115318588645,Percent
2021-09-02 09:37:00+00:00,71.8378639643994,Percent
2021-09-02 10:30:00+00:00,71.78,Percent
2021-09-02 02:33:00+00:00,72.20120335338922,Percent
2021-09-02 03:26:00+00:00,44.54295475377052,Percent
2021-09-02 01:25:00+00:00,0.0349994166763887,Percent
2021-09-02 02:18:00+00:00,71.67713871435477,Percent
2021-09-02 12:20:00+00:00,71.16214729754503,Percent
2021-09-02 11:27:00+00:00,71.95713404776588,Percent
2021-09-02 08:29:00+00:00,70.97881701971633,Percent
2021-09-02 09:22:00+00:00,71.47166666666666,Percent
2021-09-02 10:45:00+00:00,0.041665972233796096,Percent
2021-09-02 11:38:00+00:00,72.11546474225429,Percent
2021-09-01 15:34:00+00:00,47.25166666666666,Percent
2021-09-01 14:41:00+00:00,71.48119135318922,Percent
2021-09-02 03:07:00+00:00,71.10833333333332,Percent
2021-09-02 04:00:00+00:00,71.585,Percent
2021-09-01 23:35:00+00:00,0.0416666666666666,Percent
2021-09-02 00:28:00+00:00,71.79166666666666,Percent
2021-09-01 20:03:00+00:00,72.46166666666666,Percent
2021-09-01 20:56:00+00:00,46.89166666666666,Percent
2021-09-01 14:26:00+00:00,49.11915198586643,Percent
2021-09-02 02:07:00+00:00,72.00333333333333,Percent
2021-09-01 23:46:00+00:00,46.20333333333333,Percent
2021-09-02 12:09:00+00:00,71.49619160319338,Percent
2021-09-02 13:20:00+00:00,70.67284454740911,Percent
2021-09-01 23:09:00+00:00,71.76333333333334,Percent
2021-09-01 16:05:00+00:00,0.041665972233796096,Percent
2021-09-02 09:11:00+00:00,71.68619476991283,Percent
2021-09-02 12:43:00+00:00,71.66,Percent
2021-09-02 05:39:00+00:00,71.44762063505293,Percent
2021-09-01 14:57:00+00:00,72.21,Percent
2021-09-02 12:46:00+00:00,41.252645789236844,Percent
2021-09-01 16:42:00+00:00,72.12,Percent
2021-09-02 09:48:00+00:00,71.00833333333333,Percent
2021-09-02 06:16:00+00:00,43.486666666666665,Percent
2021-09-02 02:44:00+00:00,50.23833333333333,Percent
2021-09-01 14:15:00+00:00,0.0433333333333333,Percent
2021-09-02 12:04:00+00:00,53.405,Percent
2021-09-02 00:17:00+00:00,72.10333333333332,Percent
2021-09-02 09:06:00+00:00,43.18,Percent
2021-09-02 02:02:00+00:00,71.0421492975117,Percent
2021-09-01 17:47:00+00:00,72.31666666666666,Percent
2021-09-02 00:54:00+00:00,48.519141985699754,Percent
2021-09-01 17:50:00+00:00,71.35047749204179,Percent
2021-09-01 17:13:00+00:00,71.00736691223041,Percent
2021-09-01 14:52:00+00:00,70.72117868631143,Percent
2021-09-01 18:24:00+00:00,46.92666666666667,Percent
2021-09-02 10:14:00+00:00,52.05086751445858,Percent
2021-09-02 09:21:00+00:00,71.79547007549876,Percent
2021-09-01 14:10:00+00:00,70.60117668627811,Percent
2021-09-01 18:56:00+00:00,47.91,Percent
2021-09-01 14:31:00+00:00,71.43785729762163,Percent
2021-09-01 15:24:00+00:00,46.845,Percent
2021-09-01 18:03:00+00:00,71.11951865864431,Percent
2021-09-02 03:10:00+00:00,70.83951399189986,Percent
2021-09-02 12:36:00+00:00,40.913333333333334,Percent
2021-09-02 02:17:00+00:00,71.0945182419707,Percent
2021-09-02 11:43:00+00:00,72.21666666666665,Percent
2021-09-02 03:23:00+00:00,70.79333333333332,Percent
2021-09-02 04:16:00+00:00,44.64333333333334,Percent
2021-09-02 11:37:00+00:00,71.91166666666666,Percent
2021-09-02 12:30:00+00:00,70.45450757512626,Percent
2021-09-02 10:29:00+00:00,72.08333333333334,Percent
2021-09-02 11:22:00+00:00,71.09570319010633,Percent
2021-09-01 14:25:00+00:00,0.0366654444851838,Percent
2021-09-01 15:18:00+00:00,71.36,Percent
2021-09-01 23:51:00+00:00,71.25118751979198,Percent
2021-09-02 00:44:00+00:00,49.91333333333333,Percent
2021-09-01 20:19:00+00:00,70.71333333333332,Percent
2021-09-01 21:12:00+00:00,71.52666666666667,Percent
2021-09-01 16:47:00+00:00,71.11,Percent
2021-09-01 17:40:00+00:00,71.44333333333334,Percent
2021-09-01 17:34:00+00:00,46.51856542897141,Percent
2021-09-02 03:00:00+00:00,71.1492950234992,Percent
2021-09-01 22:53:00+00:00,71.455,Percent
2021-09-02 13:36:00+00:00,41.01059929338044,Percent
2021-09-02 00:38:00+00:00,71.22022767805058,Percent
2021-09-02 10:04:00+00:00,52.49420823680395,Percent
2021-09-02 06:32:00+00:00,70.93242229814182,Percent
2021-09-01 23:30:00+00:00,71.78833333333334,Percent
2021-09-02 11:53:00+00:00,71.78619643660727,Percent
2021-09-01 16:26:00+00:00,48.58833333333333,Percent
2021-09-01 15:49:00+00:00,71.10048165863903,Percent
2021-09-02 08:50:00+00:00,72.33741124704157,Percent
2021-09-02 08:13:00+00:00,72.00593313556215,Percent
2021-09-01 18:40:00+00:00,71.09881501974967,Percent
2021-09-02 01:09:00+00:00,71.7938034366094,Percent
2021-09-01 15:08:00+00:00,72.33212779787004,Percent
2021-09-02 00:01:00+00:00,71.38666666666666,Percent
2021-09-02 09:27:00+00:00,71.86,Percent
2021-09-02 05:55:00+00:00,0.034999999999999996,Percent
2021-09-01 16:57:00+00:00,70.89548507524874,Percent
2021-09-02 02:23:00+00:00,70.735,Percent
2021-09-02 01:46:00+00:00,44.9125847902535,Percent
2021-09-02 12:59:00+00:00,71.71833333333332,Percent
2021-09-01 19:12:00+00:00,71.185,Percent
2021-09-01 18:19:00+00:00,71.6073869128971,Percent
2021-09-02 13:45:00+00:00,0.0416673611226853,Percent
2021-09-01 15:06:00+00:00,49.386646221540715,Percent
2021-09-01 15:59:00+00:00,71.55380743654273,Percent
2021-09-01 16:52:00+00:00,71.76760774640846,Percent
2021-09-02 09:58:00+00:00,71.26047899201679,Percent
2021-09-01 14:13:00+00:00,71.36166666666666,Percent
2021-09-02 09:05:00+00:00,0.0433326111231479,Percent
2021-09-02 03:47:00+00:00,70.71333333333332,Percent
2021-09-02 04:40:00+00:00,71.74786246437439,Percent
2021-09-02 02:12:00+00:00,71.72547124214597,Percent
2021-09-01 23:33:00+00:00,71.66666666666666,Percent
2021-09-02 00:26:00+00:00,46.12,Percent
2021-09-02 01:19:00+00:00,70.94215096415058,Percent
2021-09-02 03:39:00+00:00,71.66047232546124,Percent
2021-09-02 04:32:00+00:00,71.41547640872652,Percent
2021-09-01 18:49:00+00:00,71.32,Percent
2021-09-01 19:42:00+00:00,72.11120185336422,Percent
2021-09-01 14:09:00+00:00,70.59215679738669,Percent
2021-09-01 15:02:00+00:00,71.705,Percent
2021-09-02 09:01:00+00:00,72.285,Percent
2021-09-02 09:54:00+00:00,52.475874597909964,Percent
2021-09-02 10:47:00+00:00,71.47833333333334,Percent
2021-09-02 11:40:00+00:00,71.68833333333333,Percent
2021-09-02 13:07:00+00:00,70.92666666666668,Percent
2021-09-01 18:27:00+00:00,72.15379743670938,Percent
2021-09-02 09:46:00+00:00,42.60928984516925,Percent
2021-09-02 11:32:00+00:00,71.06425535461288,Percent
2021-09-01 23:45:00+00:00,0.0383326944550924,Percent
2021-09-01 19:05:00+00:00,0.041665972233796096,Percent
2021-09-01 14:58:00+00:00,71.08666666666666,Percent
2021-09-01 16:44:00+00:00,47.267545540907655,Percent
2021-09-02 00:22:00+00:00,71.36190142840475,Percent
2021-09-01 14:21:00+00:00,71.72619543659061,Percent
2021-09-01 16:07:00+00:00,70.995,Percent
2021-09-01 19:04:00+00:00,47.75579592993216,Percent
2021-09-02 03:55:00+00:00,0.0383333333333333,Percent
2021-09-01 23:41:00+00:00,72.23333333333333,Percent
2021-09-02 04:24:00+00:00,50.74999999999999,Percent
2021-09-02 13:15:00+00:00,0.0449992500124997,Percent
2021-09-01 14:50:00+00:00,71.5821402976617,Percent
2021-09-01 16:36:00+00:00,48.16413606893448,Percent
2021-09-02 01:27:00+00:00,70.72784546409108,Percent
2021-09-02 09:42:00+00:00,71.57119285321421,Percent
2021-09-02 05:02:00+00:00,71.06714888085197,Percent
2021-09-02 04:25:00+00:00,0.0366666666666666,Percent
2021-09-02 02:04:00+00:00,49.916666666666664,Percent
2021-09-02 00:18:00+00:00,71.75047082548625,Percent
2021-09-02 09:09:00+00:00,71.68333333333334,Percent
2021-09-02 10:55:00+00:00,0.0416666666666666,Percent
2021-09-02 13:52:00+00:00,71.53833333333334,Percent
2021-09-01 14:46:00+00:00,49.445,Percent
2021-09-02 08:45:00+00:00,0.0433340555675927,Percent
2021-09-02 09:38:00+00:00,70.69548840852653,Percent
2021-09-01 16:15:00+00:00,0.0383314167624952,Percent
2021-09-01 17:08:00+00:00,71.51214146430893,Percent
2021-09-01 18:35:00+00:00,0.0433326111231479,Percent
2021-09-01 19:28:00+00:00,71.98739957998599,Percent
2021-09-02 01:43:00+00:00,72.10333333333332,Percent
2021-09-02 02:36:00+00:00,44.91666666666667,Percent
2021-09-02 13:31:00+00:00,71.50333333333333,Percent
2021-09-02 04:03:00+00:00,71.08333333333334,Percent
2021-09-02 04:56:00+00:00,44.209070151169186,Percent
2021-09-02 13:29:00+00:00,71.43666666666667,Percent
2021-09-01 14:42:00+00:00,71.52880785320244,Percent
2021-09-02 11:56:00+00:00,41.945,Percent
2021-09-02 01:35:00+00:00,0.0433333333333333,Percent
2021-09-02 02:28:00+00:00,71.83713604773254,Percent
2021-09-02 13:23:00+00:00,72.04046599223346,Percent
2021-09-01 23:17:00+00:00,71.76764730394198,Percent
2021-09-02 00:10:00+00:00,71.65713904768253,Percent
2021-09-02 11:03:00+00:00,72.35620593676562,Percent
2021-09-01 18:33:00+00:00,70.83194453703086,Percent
2021-09-01 19:26:00+00:00,47.4024567076118,Percent
2021-09-02 04:46:00+00:00,43.56957130475365,Percent
2021-09-02 04:11:00+00:00,71.97380043665937,Percent
2021-09-02 09:30:00+00:00,71.24166666666667,Percent
2021-09-02 00:02:00+00:00,71.46666666666665,Percent
2021-09-02 08:53:00+00:00,71.99286654777579,Percent
2021-09-01 16:23:00+00:00,70.47117451957533,Percent
2021-09-01 19:20:00+00:00,71.51119185319756,Percent
2021-09-02 13:39:00+00:00,70.66166666666666,Percent
2021-09-02 00:06:00+00:00,45.73409556825947,Percent
2021-09-01 14:05:00+00:00,0.0433326111231479,Percent
2021-09-01 23:29:00+00:00,72.0737987700205,Percent
2021-09-01 17:00:00+00:00,71.51714138097697,Percent
2021-09-02 01:51:00+00:00,70.65166666666666,Percent
2021-09-02 04:48:00+00:00,71.55833333333334,Percent
2021-09-02 11:11:00+00:00,70.27499999999999,Percent
2021-09-02 02:20:00+00:00,71.54214096431726,Percent
2021-09-02 08:49:00+00:00,72.33258891370288,Percent
2021-09-01 18:43:00+00:00,72.25,Percent
2021-09-02 04:09:00+00:00,71.45166666666667,Percent
2021-09-01 14:34:00+00:00,46.03333333333333,Percent
2021-09-02 09:26:00+00:00,42.39096015066415,Percent
2021-09-01 23:25:00+00:00,0.0383333333333333,Percent
2021-09-02 11:48:00+00:00,72.01333333333332,Percent
2021-09-02 01:06:00+00:00,45.58,Percent
2021-09-01 15:38:00+00:00,71.28333333333333,Percent
2021-09-01 14:45:00+00:00,0.045,Percent
2021-09-01 18:17:00+00:00,71.49166666666666,Percent
2021-09-02 04:19:00+00:00,71.03118385306422,Percent
2021-09-02 05:12:00+00:00,71.325,Percent
2021-09-02 00:47:00+00:00,71.75474559605352,Percent
2021-09-02 01:40:00+00:00,71.61786029767163,Percent
2021-09-02 13:13:00+00:00,71.51047482541958,Percent
2021-09-02 09:41:00+00:00,71.31214479758671,Percent
2021-09-02 10:34:00+00:00,53.98243362610623,Percent
2021-09-02 00:13:00+00:00,72.15833333333333,Percent
2021-09-02 13:47:00+00:00,71.53785896431607,Percent
2021-09-01 14:30:00+00:00,71.60380660322326,Percent
2021-09-02 10:15:00+00:00,0.0416673611226853,Percent
2021-09-02 11:08:00+00:00,71.14214763087281,Percent
2021-09-01 23:50:00+00:00,71.51166666666666,Percent
2021-09-01 22:57:00+00:00,71.54333333333334,Percent
2021-09-02 09:33:00+00:00,71.76880385326912,Percent
2021-09-02 10:26:00+00:00,42.71095481741971,Percent
2021-09-01 19:10:00+00:00,71.28333333333333,Percent
2021-09-01 18:51:00+00:00,71.34428852371586,Percent
2021-09-01 19:44:00+00:00,47.195,Percent
2021-09-01 16:12:00+00:00,71.44666455580182,Percent
2021-09-01 15:19:00+00:00,71.46785779762996,Percent
2021-09-02 03:53:00+00:00,72.49333333333334,Percent
2021-09-02 00:21:00+00:00,71.29976834491609,Percent
2021-09-02 01:32:00+00:00,72.04213263112281,Percent
2021-09-02 05:04:00+00:00,51.385856430940514,Percent
2021-09-02 13:55:00+00:00,0.0383333333333333,Percent
2021-09-02 10:23:00+00:00,71.44452407540126,Percent
2021-09-02 00:55:00+00:00,0.034999999999999996,Percent
2021-09-01 15:30:00+00:00,71.72833333333334,Percent
2021-09-02 09:49:00+00:00,71.60333333333332,Percent
2021-09-02 11:00:00+00:00,70.74853742687134,Percent
2021-09-01 23:13:00+00:00,70.46333333333334,Percent
2021-09-02 04:30:00+00:00,71.05833333333334,Percent
2021-09-02 00:58:00+00:00,71.41880968650523,Percent
2021-09-02 13:50:00+00:00,71.29666666666667,Percent
2021-09-02 10:18:00+00:00,71.42428585713809,Percent
2021-09-01 14:14:00+00:00,45.31666666666667,Percent
2021-09-02 10:52:00+00:00,72.15713071448809,Percent
2021-09-01 14:53:00+00:00,71.4954750754154,Percent
2021-09-01 19:36:00+00:00,47.14411906865115,Percent
2021-09-01 16:04:00+00:00,46.93489782992766,Percent
2021-09-02 04:27:00+00:00,71.225,Percent
2021-09-02 09:10:00+00:00,71.28214529757837,Percent
2021-09-01 18:59:00+00:00,70.37666666666667,Percent
2021-09-01 15:27:00+00:00,71.8,Percent
2021-09-02 08:33:00+00:00,71.76666666666667,Percent
2021-09-02 10:31:00+00:00,71.68452807546792,Percent
2021-09-02 11:24:00+00:00,52.38333333333334,Percent
2021-09-01 18:54:00+00:00,47.91413190219837,Percent
2021-09-01 18:01:00+00:00,71.35881068648857,Percent
2021-09-01 15:22:00+00:00,71.96213396443393,Percent
2021-09-01 14:29:00+00:00,71.70213829769504,Percent
2021-09-02 00:50:00+00:00,71.93713438109364,Percent
2021-09-01 23:57:00+00:00,71.72,Percent
2021-09-01 19:07:00+00:00,71.605,Percent
2021-09-01 20:00:00+00:00,71.95833333333334,Percent
2021-09-01 15:35:00+00:00,0.0383333333333333,Percent
2021-09-01 16:28:00+00:00,71.35333333333334,Percent
2021-09-02 03:21:00+00:00,71.32595580147328,Percent
2021-09-02 04:14:00+00:00,51.07000000000001,Percent
2021-09-01 23:49:00+00:00,72.02666666666667,Percent
2021-09-02 00:42:00+00:00,71.01333333333332,Percent
2021-09-02 01:56:00+00:00,44.97,Percent
2021-09-02 04:35:00+00:00,0.045,Percent
2021-09-02 05:28:00+00:00,71.425,Percent
2021-09-02 01:03:00+00:00,71.96333333333334,Percent
2021-09-02 09:17:00+00:00,71.13666666666667,Percent
2021-09-02 10:10:00+00:00,71.13618560309338,Percent
2021-09-01 23:34:00+00:00,49.08833333333333,Percent
2021-09-01 22:41:00+00:00,71.01333333333332,Percent
2021-09-02 08:54:00+00:00,52.51166666666667,Percent
2021-09-02 11:16:00+00:00,42.43333333333333,Percent
2021-09-02 10:39:00+00:00,71.87380210329827,Percent
2021-09-01 14:37:00+00:00,72.3978732978883,Percent
2021-09-01 19:23:00+00:00,71.00333333333333,Percent
2021-09-01 15:51:00+00:00,71.66,Percent
2021-09-01 15:14:00+00:00,46.24333333333333,Percent
2021-09-02 03:37:00+00:00,71.41452357539292,Percent
2021-09-02 00:05:00+00:00,0.0416666666666666,Percent
2021-09-02 00:34:00+00:00,49.01,Percent
2021-09-02 12:57:00+00:00,72.18213029782838,Percent
2021-09-02 09:25:00+00:00,0.0366666666666666,Percent
2021-09-01 19:52:00+00:00,72.52666666666666,Percent
2021-09-01 19:15:00+00:00,0.0433333333333333,Percent
2021-09-01 15:43:00+00:00,71.80239341311378,Percent
2021-09-02 05:20:00+00:00,70.70833333333333,Percent
2021-09-02 01:48:00+00:00,70.87,Percent
2021-09-02 08:17:00+00:00,70.98306553770252,Percent
2021-09-01 16:20:00+00:00,71.46166666666666,Percent
2021-09-02 01:11:00+00:00,71.92713454775753,Percent
2021-09-02 04:43:00+00:00,71.86286438107302,Percent
2021-09-02 13:34:00+00:00,54.22923715395257,Percent
2021-09-02 10:02:00+00:00,72.16953615893598,Percent
2021-09-02 01:04:00+00:00,49.573319110637016,Percent
2021-09-01 22:25:00+00:00,0.0333338888981483,Percent
2021-09-01 17:07:00+00:00,71.67119451990865,Percent
2021-09-01 15:21:00+00:00,71.2954784086932,Percent
2021-09-02 12:37:00+00:00,72.07166666666666,Percent
2021-09-02 06:26:00+00:00,42.92858571714343,Percent
2021-09-02 08:12:00+00:00,71.37785629760495,Percent
2021-09-02 00:15:00+00:00,0.0416666666666666,Percent
2021-09-01 22:29:00+00:00,70.71166666666666,Percent
2021-09-01 18:34:00+00:00,47.18059838319861,Percent
2021-09-01 20:20:00+00:00,71.95,Percent
2021-09-02 12:33:00+00:00,70.90881818636356,Percent
2021-09-02 05:29:00+00:00,71.10333333333332,Percent
2021-09-02 07:15:00+00:00,0.0466674444574076,Percent
2021-09-02 10:28:00+00:00,71.725,Percent
2021-09-02 08:42:00+00:00,71.39618993649894,Percent
2021-09-02 00:45:00+00:00,0.0416673611226853,Percent
2021-09-02 02:31:00+00:00,71.935,Percent
2021-09-02 08:01:00+00:00,71.9045317421957,Percent
2021-09-02 12:44:00+00:00,54.31666666666667,Percent
2021-09-02 10:58:00+00:00,71.23118718645311,Percent
2021-09-02 00:57:00+00:00,71.66833333333334,Percent
2021-09-02 02:43:00+00:00,71.57666666666667,Percent
2021-09-02 10:21:00+00:00,71.7228620477008,Percent
2021-09-01 20:13:00+00:00,71.66119435323922,Percent
2021-09-01 21:59:00+00:00,71.75166666666668,Percent
2021-09-02 03:20:00+00:00,72.46666666666665,Percent
2021-09-02 01:34:00+00:00,50.20166666666667,Percent
2021-09-01 18:30:00+00:00,70.90284838080635,Percent
2021-09-01 17:53:00+00:00,71.63,Percent
2021-09-01 22:36:00+00:00,46.604110068501136,Percent
2021-09-01 20:50:00+00:00,70.94284904748412,Percent
2021-09-02 08:38:00+00:00,70.67284454740911,Percent
2021-09-01 23:06:00+00:00,46.48453127083611,Percent
2021-09-02 00:52:00+00:00,71.225,Percent
2021-09-01 14:51:00+00:00,70.64284404740079,Percent
2021-09-02 04:59:00+00:00,72.26879552007468,Percent
2021-09-02 13:14:00+00:00,54.40590676511275,Percent
2021-09-01 15:28:00+00:00,71.34333333333333,Percent
2021-09-02 12:07:00+00:00,72.21453690894847,Percent
2021-09-02 05:36:00+00:00,44.35166666666667,Percent
2021-09-02 06:06:00+00:00,44.03,Percent
2021-09-01 23:02:00+00:00,71.29308620574704,Percent
2021-09-02 07:35:00+00:00,0.0416666666666666,Percent
2021-09-02 07:33:00+00:00,70.95284921415357,Percent
2021-09-02 01:22:00+00:00,72.00166666666667,Percent
2021-09-01 17:25:00+00:00,0.0366660555657405,Percent
2021-09-02 13:10:00+00:00,71.62,Percent
2021-09-02 06:08:00+00:00,71.52833333333334,Percent
2021-09-01 22:11:00+00:00,71.11166666666666,Percent
2021-09-01 16:00:00+00:00,71.63833333333334,Percent
2021-09-01 15:58:00+00:00,70.64333333333333,Percent
2021-09-02 01:24:00+00:00,49.854995166505546,Percent
2021-09-01 17:27:00+00:00,70.585,Percent
2021-09-02 12:19:00+00:00,70.76451274187903,Percent
2021-09-01 17:21:00+00:00,71.57166666666666,Percent
2021-09-02 03:40:00+00:00,70.91,Percent
2021-09-01 19:43:00+00:00,71.47285788096468,Percent
2021-09-02 07:29:00+00:00,71.18333333333334,Percent
2021-09-02 00:25:00+00:00,0.034999999999999996,Percent
2021-09-02 09:51:00+00:00,72.26166666666666,Percent
2021-09-01 18:16:00+00:00,47.75166666666666,Percent
2021-09-02 08:24:00+00:00,53.02755045917432,Percent
2021-09-02 00:27:00+00:00,71.33833333333334,Percent
2021-09-01 15:48:00+00:00,70.34382760287329,Percent
2021-09-02 10:40:00+00:00,71.81786363106052,Percent
2021-09-01 20:30:00+00:00,70.90833333333332,Percent
2021-09-02 05:56:00+00:00,43.61593973433776,Percent
2021-09-01 19:55:00+00:00,0.0366672777879631,Percent
2021-09-02 03:38:00+00:00,72.00120002000033,Percent
2021-09-02 03:03:00+00:00,70.70569018967298,Percent
2021-09-01 20:32:00+00:00,71.41,Percent
2021-09-02 03:01:00+00:00,70.86833333333334,Percent
2021-09-01 22:48:00+00:00,71.35833333333333,Percent
2021-09-02 05:17:00+00:00,71.73786229770496,Percent
2021-09-01 15:09:00+00:00,71.21666666666665,Percent
2021-09-01 18:04:00+00:00,47.210786846447434,Percent
2021-09-02 12:56:00+00:00,40.84401406690111,Percent
2021-09-01 15:46:00+00:00,48.84748079134652,Percent
2021-09-02 10:38:00+00:00,71.03,Percent
2021-09-01 15:11:00+00:00,71.49333333333333,Percent
2021-09-02 03:34:00+00:00,50.409173486224766,Percent
2021-09-02 10:03:00+00:00,72.31333333333332,Percent
2021-09-02 10:01:00+00:00,71.49761674610846,Percent
2021-09-02 02:57:00+00:00,72.0213989300535,Percent
2021-09-02 05:54:00+00:00,51.39666666666667,Percent
2021-09-01 19:53:00+00:00,71.11166666666666,Percent
2021-09-02 05:19:00+00:00,70.82381960300661,Percent
2021-09-01 16:50:00+00:00,71.95713404776588,Percent
2021-09-02 09:56:00+00:00,42.35429409509841,Percent
2021-09-02 13:28:00+00:00,71.68380526991217,Percent
2021-09-02 05:31:00+00:00,71.03833333333334,Percent
2021-09-02 01:59:00+00:00,71.1,Percent
2021-09-02 13:09:00+00:00,71.18214696421727,Percent
2021-09-02 06:58:00+00:00,71.645,Percent
2021-09-01 23:01:00+00:00,71.27024865009,Percent
2021-09-02 04:57:00+00:00,71.21,Percent
2021-09-01 21:53:00+00:00,71.475,Percent
2021-09-01 14:49:00+00:00,71.72047132547792,Percent
2021-09-01 23:20:00+00:00,71.64999999999999,Percent
2021-09-01 19:48:00+00:00,70.40450674177902,Percent
2021-09-01 15:23:00+00:00,71.41952365872764,Percent
2021-09-02 12:01:00+00:00,71.36166666666666,Percent
2021-09-02 01:36:00+00:00,45.109085151419194,Percent
2021-09-01 22:04:00+00:00,48.37747295788263,Percent
2021-09-01 17:39:00+00:00,70.7502041768755,Percent
2021-09-01 14:07:00+00:00,71.44452407540126,Percent
2021-09-02 08:06:00+00:00,43.01166666666666,Percent
2021-09-01 19:06:00+00:00,47.891666666666666,Percent
2021-09-02 12:12:00+00:00,70.62882285295245,Percent
2021-09-02 04:15:00+00:00,0.0416673611226853,Percent
2021-09-02 07:47:00+00:00,71.6,Percent
2021-09-02 01:02:00+00:00,71.77760741308623,Percent
2021-09-01 17:58:00+00:00,72.23379610339828,Percent
2021-09-02 03:52:00+00:00,71.42047632539457,Percent
2021-09-02 00:20:00+00:00,71.42833333333334,Percent
2021-09-02 09:14:00+00:00,52.49333333333334,Percent
2021-09-02 00:59:00+00:00,71.30333333333333,Percent
2021-09-01 21:27:00+00:00,71.48333333333333,Percent
2021-09-02 08:37:00+00:00,71.36881051982466,Percent
2021-09-01 18:29:00+00:00,71.36547724204597,Percent
2021-09-02 11:35:00+00:00,0.0416666666666666,Percent
2021-09-02 10:53:00+00:00,71.91926935768808,Percent
2021-09-01 15:26:00+00:00,49.00166666666666,Percent
2021-09-01 20:45:00+00:00,0.0683333333333333,Percent
2021-09-02 05:34:00+00:00,51.0700356678556,Percent
2021-09-01 22:30:00+00:00,71.38666666666666,Percent
2021-09-01 21:22:00+00:00,72.10213163113949,Percent
2021-09-02 13:51:00+00:00,71.205,Percent
2021-09-02 11:30:00+00:00,70.52666666666667,Percent
2021-09-02 03:15:00+00:00,0.0433326111231479,Percent
2021-09-01 23:43:00+00:00,72.32166666666666,Percent
2021-09-02 13:46:00+00:00,40.995983400276664,Percent
2021-09-02 05:49:00+00:00,71.485,Percent
2021-09-02 06:40:00+00:00,70.70715488075199,Percent
2021-09-02 09:19:00+00:00,72.45045915901402,Percent
2021-09-01 16:49:00+00:00,71.15166666666666,Percent
2021-09-02 03:08:00+00:00,71.3,Percent
2021-09-01 22:43:00+00:00,71.52166666666666,Percent
2021-09-01 19:11:00+00:00,71.01166666666666,Percent
2021-09-01 16:32:00+00:00,72.27546207563206,Percent
2021-09-02 12:38:00+00:00,71.4438092698455,Percent
2021-09-01 23:38:00+00:00,70.74166666666667,Percent
2021-09-01 15:41:00+00:00,71.2954784086932,Percent
2021-09-02 08:05:00+00:00,0.0433340555675927,Percent
2021-09-02 01:54:00+00:00,49.56666666666666,Percent
2021-09-01 17:57:00+00:00,72.65454424240404,Percent
2021-09-01 18:48:00+00:00,71.335,Percent
2021-09-01 15:16:00+00:00,49.069151152519204,Percent
2021-09-02 06:57:00+00:00,71.85833333333333,Percent
2021-09-01 23:53:00+00:00,71.12833333333333,Percent
2021-09-02 12:51:00+00:00,71.9478657977633,Percent
2021-09-02 09:29:00+00:00,71.66166666666666,Percent
2021-09-01 14:02:00+00:00,72.06953449224153,Percent
2021-09-02 02:25:00+00:00,0.0333333333333333,Percent
2021-09-02 08:19:00+00:00,70.89166666666667,Percent
2021-09-01 19:21:00+00:00,70.73715438076032,Percent
2021-09-02 04:47:00+00:00,70.63666666666667,Percent
2021-09-02 04:10:00+00:00,71.06548224196263,Percent
2021-09-02 08:56:00+00:00,42.99095015083082,Percent
2021-09-01 19:58:00+00:00,70.57166666666666,Percent
2021-09-02 05:24:00+00:00,51.111666666666665,Percent
2021-09-02 01:17:00+00:00,71.11833333333333,Percent
2021-09-01 18:11:00+00:00,71.98859942997149,Percent
2021-09-02 10:06:00+00:00,42.278333333333336,Percent
2021-09-01 14:39:00+00:00,71.27166666666666,Percent
2021-09-02 03:02:00+00:00,70.77,Percent
2021-09-01 20:27:00+00:00,71.37952299204987,Percent
2021-09-01 16:55:00+00:00,0.0366636113657195,Percent
2021-09-01 16:18:00+00:00,70.02499999999999,Percent
2021-09-02 10:35:00+00:00,0.045,Percent
2021-09-02 07:03:00+00:00,71.74286238103967,Percent
2021-09-01 17:32:00+00:00,71.66594446851772,Percent
2021-09-01 21:04:00+00:00,48.292528457859035,Percent
2021-09-02 03:33:00+00:00,71.90119835330589,Percent
2021-09-02 11:12:00+00:00,71.885,Percent
2021-09-02 07:40:00+00:00,71.59166666666665,Percent
2021-09-02 02:16:00+00:00,44.65833333333333,Percent
2021-09-01 17:26:00+00:00,47.84746412440207,Percent
2021-09-02 11:25:00+00:00,0.0383339722328705,Percent
2021-09-02 13:11:00+00:00,70.67833333333334,Percent
2021-09-02 01:57:00+00:00,70.52666666666667,Percent
2021-09-02 03:43:00+00:00,71.79786329772162,Percent
2021-09-02 07:34:00+00:00,51.294145097581705,Percent
2021-09-02 11:44:00+00:00,53.77077048715854,Percent
2021-09-01 21:36:00+00:00,46.7757795963266,Percent
2021-09-02 02:01:00+00:00,71.14285238087301,Percent
2021-09-01 23:03:00+00:00,70.91048482525291,Percent
2021-09-01 21:17:00+00:00,71.62952715878598,Percent
2021-09-02 09:16:00+00:00,43.012616456392394,Percent
2021-09-02 07:30:00+00:00,70.69666666666666,Percent
2021-09-02 10:43:00+00:00,71.52499999999999,Percent
2021-09-02 01:53:00+00:00,71.375,Percent
2021-09-01 20:35:00+00:00,0.0433333333333333,Percent
2021-09-01 22:06:00+00:00,47.16833333333333,Percent
2021-09-01 15:55:00+00:00,0.0416666666666666,Percent
2021-09-01 17:22:00+00:00,71.27285454757579,Percent
2021-09-01 19:08:00+00:00,71.30381160313993,Percent
2021-09-02 12:14:00+00:00,53.776666666666664,Percent
2021-09-02 06:03:00+00:00,71.52666666666667,Percent
2021-09-02 13:19:00+00:00,71.11048149197512,Percent
2021-09-02 11:33:00+00:00,71.308811519808,Percent
2021-09-01 23:11:00+00:00,70.40117335288922,Percent
2021-09-01 16:40:00+00:00,71.57905263508783,Percent
2021-09-02 01:31:00+00:00,71.70333333333332,Percent
2021-09-01 23:48:00+00:00,71.53785896431607,Percent
2021-09-01 22:02:00+00:00,70.82118035300589,Percent
2021-09-02 06:53:00+00:00,71.87906263542116,Percent
2021-09-02 08:39:00+00:00,71.82119701995033,Percent
2021-09-01 21:25:00+00:00,0.0383339722328705,Percent
2021-09-02 02:08:00+00:00,71.98666666666666,Percent
2021-09-02 12:10:00+00:00,72.01879968667188,Percent
2021-09-02 13:56:00+00:00,41.01696610112997,Percent
2021-09-02 02:38:00+00:00,71.06166666666667,Percent
2021-09-02 11:29:00+00:00,71.02785046417439,Percent
2021-09-02 06:11:00+00:00,70.46784113068551,Percent
2021-09-01 23:40:00+00:00,71.41785696428273,Percent
2021-09-01 21:54:00+00:00,48.49414156902615,Percent
2021-09-02 12:06:00+00:00,41.50861637945402,Percent
2021-09-02 06:48:00+00:00,72.17046382560291,Percent
2021-09-01 21:58:00+00:00,71.68213863102282,Percent
2021-09-01 21:21:00+00:00,71.48452474207903,Percent
2021-09-01 16:03:00+00:00,70.9976334122196,Percent
2021-09-02 00:12:00+00:00,71.84380260328994,Percent
2021-09-02 02:34:00+00:00,49.99333333333333,Percent
2021-09-02 11:07:00+00:00,70.97833333333334,Percent
2021-09-01 20:57:00+00:00,71.32166666666667,Percent
2021-09-02 08:47:00+00:00,71.70333333333332,Percent
2021-09-01 16:17:00+00:00,71.22166666666668,Percent
2021-09-02 12:02:00+00:00,71.00214996416726,Percent
2021-09-01 18:39:00+00:00,71.23333333333333,Percent
2021-09-01 20:59:00+00:00,71.64547257545708,Percent
2021-09-02 06:25:00+00:00,0.416576408444837,Percent
2021-09-01 20:53:00+00:00,70.63264557848072,Percent
2021-09-02 07:12:00+00:00,72.50045832569457,Percent
2021-09-01 17:04:00+00:00,47.49333333333333,Percent
2021-09-02 02:30:00+00:00,71.78333333333333,Percent
2021-09-01 17:02:00+00:00,72.2212036867281,Percent
2021-09-02 11:01:00+00:00,71.70047165880568,Percent
2021-09-01 18:31:00+00:00,71.27762407919735,Percent
2021-09-01 14:44:00+00:00,45.78,Percent
2021-09-02 01:39:00+00:00,71.46047565873901,Percent
2021-09-01 16:13:00+00:00,71.76217621762176,Percent
2021-09-02 11:05:00+00:00,0.0433326111231479,Percent
2021-09-02 04:52:00+00:00,70.98666666666666,Percent
2021-09-02 06:21:00+00:00,71.445,Percent
2021-09-01 21:07:00+00:00,71.96,Percent
2021-09-02 06:33:00+00:00,71.6259688307359,Percent
2021-09-01 14:36:00+00:00,49.71666666666666,Percent
2021-09-01 16:58:00+00:00,70.76833333333333,Percent
2021-09-02 01:49:00+00:00,71.2154797420043,Percent
2021-09-02 11:15:00+00:00,0.045,Percent
2021-09-01 21:44:00+00:00,48.097468291138185,Percent
2021-09-02 07:10:00+00:00,72.17666666666666,Percent
2021-09-02 06:35:00+00:00,0.045,Percent
2021-09-02 02:26:00+00:00,44.62666666666666,Percent
2021-09-02 11:52:00+00:00,72.30712821452975,Percent
2021-09-01 16:25:00+00:00,0.0333333333333333,Percent
2021-09-01 19:16:00+00:00,47.416666666666664,Percent
2021-09-02 04:07:00+00:00,71.881198019967,Percent
2021-09-02 07:02:00+00:00,71.55333333333334,Percent
2021-09-02 09:24:00+00:00,52.0808680144669,Percent
2021-09-01 16:54:00+00:00,46.26089565173913,Percent
2021-09-01 16:21:00+00:00,70.69666666666666,Percent
2021-09-02 04:44:00+00:00,51.58747354210763,Percent
2021-09-02 07:06:00+00:00,42.687621872968776,Percent
2021-09-02 06:29:00+00:00,71.70952849214154,Percent
2021-09-01 18:36:00+00:00,47.025,Percent
2021-09-02 11:42:00+00:00,71.2140404680156,Percent
2021-09-02 08:10:00+00:00,70.94381760303995,Percent
2021-09-02 12:16:00+00:00,41.38,Percent
2021-09-02 08:44:00+00:00,52.986666666666665,Percent
2021-09-01 22:08:00+00:00,71.325,Percent
2021-09-02 03:11:00+00:00,71.61427952401587,Percent
2021-09-01 16:35:00+00:00,0.041665972233796096,Percent
2021-09-01 21:34:00+00:00,48.45833333333333,Percent
2021-09-01 18:02:00+00:00,72.35,Percent
2021-09-02 06:43:00+00:00,71.60166666666666,Percent
2021-09-02 02:29:00+00:00,71.59785996433274,Percent
2021-09-01 15:53:00+00:00,71.21714638089364,Percent
2021-09-02 13:24:00+00:00,54.903496783226096,Percent
2021-09-01 16:27:00+00:00,71.425,Percent
2021-09-02 06:01:00+00:00,72.15713071448809,Percent
2021-09-01 21:49:00+00:00,71.5338077698705,Percent
2021-09-02 01:21:00+00:00,71.02833333333334,Percent
2021-09-01 23:16:00+00:00,46.72443963003083,Percent
2021-09-02 02:48:00+00:00,72.4228737145619,Percent
2021-09-02 11:57:00+00:00,71.64880585323577,Percent
2021-09-01 20:49:00+00:00,71.41833333333332,Percent
2021-09-01 17:17:00+00:00,70.86,Percent
2021-09-02 02:06:00+00:00,45.31591140147665,Percent
2021-09-01 22:34:00+00:00,48.89911162224778,Percent
2021-09-02 10:57:00+00:00,71.59333333333332,Percent
2021-09-02 07:25:00+00:00,0.0416666666666666,Percent
2021-09-01 17:54:00+00:00,47.215879735337744,Percent
2021-09-02 11:34:00+00:00,53.89589826497108,Percent
2021-09-02 08:02:00+00:00,71.34881085315244,Percent
2021-09-01 21:26:00+00:00,47.14588090198497,Percent
2021-09-01 17:12:00+00:00,71.55714071432143,Percent
2021-09-01 22:31:00+00:00,71.63333333333334,Percent
2021-09-02 02:03:00+00:00,71.4528575476258,Percent
2021-09-02 07:20:00+00:00,71.51785863097717,Percent
2021-09-02 03:48:00+00:00,71.66880551990799,Percent
2021-09-02 12:39:00+00:00,71.31452190869848,Percent
2021-09-01 21:57:00+00:00,71.74166666666667,Percent
2021-09-01 23:08:00+00:00,71.0728512141869,Percent
2021-09-02 12:42:00+00:00,71.65119418656978,Percent
2021-09-02 12:05:00+00:00,0.0366666666666666,Percent
2021-09-02 13:16:00+00:00,41.52569209486825,Percent
2021-09-02 01:29:00+00:00,71.76880385326912,Percent
2021-09-02 02:40:00+00:00,71.095,Percent
2021-09-01 22:26:00+00:00,46.93333333333333,Percent
2021-09-02 01:58:00+00:00,71.28,Percent
2021-09-02 07:52:00+00:00,72.13786896448273,Percent
2021-09-02 04:20:00+00:00,70.5821569640506,Percent
2021-09-02 12:34:00+00:00,53.71345711523717,Percent
2021-09-02 07:01:00+00:00,71.88333333333334,Percent
2021-09-02 13:48:00+00:00,71.6171397143381,Percent
2021-09-01 20:25:00+00:00,0.0350005833430557,Percent
2021-09-02 03:12:00+00:00,71.08951815863598,Percent
2021-09-01 17:44:00+00:00,46.85421909634839,Percent
2021-09-01 14:12:00+00:00,71.63833333333334,Percent
2021-09-02 10:33:00+00:00,72.505,Percent
2021-09-01 22:39:00+00:00,71.8104698255029,Percent
2021-09-02 12:47:00+00:00,71.61,Percent
2021-09-01 16:45:00+00:00,0.0433333333333333,Percent
2021-09-01 20:17:00+00:00,71.3645227420457,Percent
2021-09-02 02:11:00+00:00,71.52071735724525,Percent
2021-09-01 16:30:00+00:00,70.50617510291838,Percent
2021-09-01 21:31:00+00:00,71.12666666666668,Percent
2021-09-01 17:59:00+00:00,71.36785613093551,Percent
2021-09-02 06:38:00+00:00,70.585,Percent
2021-09-02 03:06:00+00:00,44.94258429026183,Percent
2021-09-02 11:39:00+00:00,71.65333333333334,Percent
2021-09-02 08:07:00+00:00,71.53833333333334,Percent
2021-09-01 16:59:00+00:00,72.70954515908599,Percent
2021-09-01 22:16:00+00:00,46.56666666666667,Percent
2021-09-01 18:44:00+00:00,47.56,Percent
2021-09-02 03:35:00+00:00,0.0433333333333333,Percent
2021-09-02 07:07:00+00:00,71.43666666666667,Percent
2021-09-01 14:04:00+00:00,45.71,Percent
2021-09-02 04:12:00+00:00,71.46714221429643,Percent
2021-09-02 07:44:00+00:00,51.45419090318171,Percent
2021-09-01 17:36:00+00:00,47.70166666666666,Percent
2021-09-01 17:30:00+00:00,70.56401880062668,Percent
2021-09-01 21:02:00+00:00,71.983599179959,Percent
2021-09-02 05:53:00+00:00,71.44166666666668,Percent
2021-09-02 02:21:00+00:00,71.49047515874736,Percent
2021-09-02 11:47:00+00:00,72.07240241341378,Percent
2021-09-01 16:53:00+00:00,71.65358267913395,Percent
2021-09-02 11:10:00+00:00,71.55214079765338,Percent
2021-09-02 07:38:00+00:00,70.92784879747995,Percent
2021-09-02 06:30:00+00:00,71.47547540874318,Percent
2021-09-02 02:58:00+00:00,71.42404746824894,Percent
2021-09-02 12:24:00+00:00,53.483333333333334,Percent
2021-09-02 08:52:00+00:00,72.23,Percent
2021-09-01 16:22:00+00:00,71.81333333333332,Percent
2021-09-02 08:15:00+00:00,0.0383326944550924,Percent
2021-09-01 15:45:00+00:00,0.0416666666666666,Percent
2021-09-01 21:39:00+00:00,71.17141142742851,Percent
2021-09-01 18:07:00+00:00,71.80619676994615,Percent
2021-09-02 03:09:00+00:00,71.11666666666666,Percent
2021-09-02 04:02:00+00:00,71.88833333333334,Percent
2021-09-02 04:55:00+00:00,0.0383333333333333,Percent
2021-09-02 05:48:00+00:00,70.94284904748412,Percent
2021-09-01 20:05:00+00:00,0.0416666666666666,Percent
2021-09-01 20:58:00+00:00,70.925,Percent
2021-09-01 21:51:00+00:00,70.40697286847544,Percent
2021-09-01 22:44:00+00:00,49.45333333333333,Percent
2021-09-02 07:53:00+00:00,71.49880835319411,Percent
2021-09-02 08:46:00+00:00,42.84666666666667,Percent
2021-09-02 09:39:00+00:00,71.3571440475992,Percent
2021-09-02 10:32:00+00:00,71.50833333333333,Percent
2021-09-01 20:54:00+00:00,48.20660688689623,Percent
2021-09-01 21:47:00+00:00,71.2,Percent
2021-09-01 22:40:00+00:00,72.15240508016933,Percent
2021-09-02 07:11:00+00:00,70.97618293638227,Percent
2021-09-02 08:04:00+00:00,52.49412509791503,Percent
2021-09-02 05:25:00+00:00,0.0366666666666666,Percent
2021-09-02 06:18:00+00:00,71.40166666666666,Percent
2021-09-01 20:01:00+00:00,70.71284521408691,Percent
2021-09-01 15:36:00+00:00,48.85914765246088,Percent
2021-09-01 14:43:00+00:00,71.42785713095218,Percent
2021-09-01 23:10:00+00:00,70.17999999999999,Percent
2021-09-01 18:26:00+00:00,46.7524458740979,Percent
2021-09-02 08:00:00+00:00,71.701195019917,Percent
2021-09-02 06:14:00+00:00,51.559999999999995,Percent
2021-09-02 00:56:00+00:00,45.25333333333333,Percent
2021-09-02 13:22:00+00:00,71.985,Percent
2021-09-02 12:45:00+00:00,0.0666666666666666,Percent
2021-09-02 07:27:00+00:00,69.94449907498458,Percent
2021-09-02 05:41:00+00:00,71.33,Percent
2021-09-02 05:37:00+00:00,71.785,Percent
2021-09-02 07:23:00+00:00,71.84333333333333,Percent
2021-09-02 00:19:00+00:00,71.975,Percent
2021-09-01 22:33:00+00:00,71.25762474584181,Percent
2021-09-01 20:12:00+00:00,71.1254812419793,Percent
2021-09-01 17:49:00+00:00,71.21833333333332,Percent
2021-09-01 19:35:00+00:00,0.0433333333333333,Percent
2021-09-01 22:07:00+00:00,71.23,Percent
2021-09-01 23:00:00+00:00,70.11333333333333,Percent
2021-09-02 09:55:00+00:00,0.0366666666666666,Percent
2021-09-02 10:48:00+00:00,71.57380710321495,Percent
2021-09-01 19:49:00+00:00,71.40166666666666,Percent
2021-09-01 20:42:00+00:00,70.96048399193346,Percent
2021-09-02 08:30:00+00:00,71.44666666666667,Percent
2021-09-02 07:37:00+00:00,70.585,Percent
2021-09-02 03:46:00+00:00,44.84258595690071,Percent
2021-09-02 02:53:00+00:00,71.94573152438416,Percent
2021-09-02 12:13:00+00:00,71.39666666666666,Percent
2021-09-02 13:06:00+00:00,40.55166666666667,Percent
2021-09-02 05:09:00+00:00,71.60333333333332,Percent
2021-09-02 06:02:00+00:00,71.63072102403413,Percent
2021-09-01 22:03:00+00:00,72.12046465892236,Percent
2021-09-01 22:56:00+00:00,46.245895901734976,Percent
2021-09-01 14:59:00+00:00,71.00214996416726,Percent
2021-09-01 15:52:00+00:00,71.28618810313505,Percent
2021-09-01 19:45:00+00:00,0.0416666666666666,Percent
2021-09-01 20:38:00+00:00,72.04379927001216,Percent
2021-09-02 05:11:00+00:00,71.32,Percent
2021-09-02 06:04:00+00:00,51.67000000000001,Percent
2021-09-01 22:17:00+00:00,71.40380993650105,Percent
2021-09-02 07:43:00+00:00,72.50045832569457,Percent
2021-09-01 18:10:00+00:00,71.98353443103792,Percent
2021-09-01 17:33:00+00:00,71.45619093651561,Percent
2021-09-02 05:21:00+00:00,71.17785296421607,Percent
2021-09-01 15:15:00+00:00,0.049998333388887,Percent
2021-09-02 12:29:00+00:00,71.76713721437976,Percent
2021-09-02 05:58:00+00:00,70.16716388060198,Percent
2021-09-01 22:54:00+00:00,48.916666666666664,Percent
2021-09-02 08:20:00+00:00,71.59666666666666,Percent
2021-09-01 22:19:00+00:00,71.04381593640105,Percent
2021-09-02 08:14:00+00:00,52.28507616920564,Percent
2021-09-02 07:39:00+00:00,71.31881135314411,Percent
2021-09-02 00:35:00+00:00,0.0416666666666666,Percent
2021-09-02 03:30:00+00:00,70.98666666666666,Percent
2021-09-01 20:26:00+00:00,47.410086330455655,Percent
2021-09-01 19:51:00+00:00,71.28618810313505,Percent
2021-09-02 01:12:00+00:00,71.08973931595439,Percent
2021-09-01 20:28:00+00:00,71.30166666666666,Percent
2021-09-02 08:16:00+00:00,43.08189727009099,Percent
2021-09-01 19:29:00+00:00,71.60333333333332,Percent
2021-09-01 20:22:00+00:00,71.455,Percent
2021-09-01 18:21:00+00:00,72.07166666666666,Percent
2021-09-01 19:14:00+00:00,47.85,Percent
2021-09-02 07:55:00+00:00,0.0366666666666666,Percent
2021-09-02 08:48:00+00:00,71.85833333333333,Percent
2021-09-01 21:45:00+00:00,0.0383333333333333,Percent
2021-09-01 22:38:00+00:00,70.70333333333332,Percent
2021-09-02 07:32:00+00:00,71.13714771420476,Percent
2021-09-02 10:11:00+00:00,72.28425719142695,Percent
2021-09-02 06:39:00+00:00,71.16951949199152,Percent
2021-09-02 03:41:00+00:00,71.48380860318996,Percent
2021-09-02 04:34:00+00:00,51.03918398639977,Percent
2021-09-01 20:37:00+00:00,72.13,Percent
2021-09-01 21:30:00+00:00,71.39333333333332,Percent
2021-09-02 11:04:00+00:00,53.31,Percent
2021-09-02 13:43:00+00:00,71.285,Percent
2021-09-02 06:50:00+00:00,71.28666666666666,Percent
2021-09-01 22:35:00+00:00,0.0433326111231479,Percent
2021-09-01 19:03:00+00:00,72.48712521457976,Percent
2021-09-01 15:31:00+00:00,71.69047182546957,Percent
2021-09-02 13:54:00+00:00,53.861666666666665,Percent
2021-09-01 19:40:00+00:00,71.16833333333334,Percent
2021-09-01 16:08:00+00:00,71.40833333333332,Percent
2021-09-02 05:42:00+00:00,70.38666666666666,Percent
2021-09-02 05:05:00+00:00,0.0449992500124997,Percent
2021-09-01 22:01:00+00:00,71.22166666666668,Percent
2021-09-01 23:12:00+00:00,71.41714304761587,Percent
2021-09-01 18:58:00+00:00,70.76784613076885,Percent
2021-09-02 07:21:00+00:00,72.1121314644756,Percent
2021-09-02 08:32:00+00:00,71.87546874218764,Percent
2021-09-02 05:00:00+00:00,70.17616960282672,Percent
2021-09-02 01:28:00+00:00,72.10833333333332,Percent
2021-09-02 04:23:00+00:00,70.145,Percent
2021-09-02 00:51:00+00:00,71.0928515475258,Percent
2021-09-01 21:19:00+00:00,71.85,Percent
2021-09-02 13:17:00+00:00,70.7238212696455,Percent
2021-09-02 06:13:00+00:00,71.32714454759088,Percent
2021-09-01 21:56:00+00:00,46.17820594019801,Percent
2021-09-02 07:58:00+00:00,70.96451607526792,Percent
2021-09-01 20:21:00+00:00,71.20333333333332,Percent
2021-09-01 21:14:00+00:00,47.975067497750075,Percent
2021-09-01 21:35:00+00:00,0.0416666666666666,Percent
2021-09-01 22:28:00+00:00,71.67166666666667,Percent
2021-09-02 08:11:00+00:00,70.995,Percent
2021-09-02 09:04:00+00:00,52.99754995916599,Percent
2021-09-01 19:13:00+00:00,71.25166666666667,Percent
2021-09-01 20:06:00+00:00,46.98,Percent
2021-09-02 04:39:00+00:00,71.65166666666667,Percent
2021-09-02 05:32:00+00:00,72.17166666666667,Percent
2021-09-02 01:07:00+00:00,71.84333333333333,Percent
2021-09-02 02:00:00+00:00,70.50715821402976,Percent
2021-09-02 04:33:00+00:00,71.79333333333334,Percent
2021-09-02 05:26:00+00:00,43.59166666666667,Percent
2021-09-02 11:20:00+00:00,71.0978516308605,Percent
2021-09-02 13:59:00+00:00,71.625,Percent
2021-09-01 21:29:00+00:00,70.66666666666666,Percent
2021-09-01 22:22:00+00:00,70.95284921415357,Percent
2021-09-02 06:55:00+00:00,0.0366666666666666,Percent
2021-09-02 07:48:00+00:00,70.99166666666666,Percent
2021-09-02 10:27:00+00:00,72.86166666666668,Percent
2021-09-02 03:25:00+00:00,0.0366672777879631,Percent
2021-09-02 04:18:00+00:00,71.58833333333334,Percent
2021-09-01 14:08:00+00:00,71.51666666666667,Percent
2021-09-01 19:56:00+00:00,46.765887235212745,Percent
2021-09-01 23:28:00+00:00,71.45619093651561,Percent
2021-09-02 05:57:00+00:00,70.87402913430448,Percent
2021-09-01 16:24:00+00:00,45.545,Percent
2021-09-01 19:19:00+00:00,71.97880035332744,Percent
2021-09-01 15:47:00+00:00,71.47,Percent
2021-09-02 07:42:00+00:00,70.77833333333334,Percent
2021-09-02 13:01:00+00:00,71.75286254770913,Percent
2021-09-02 04:49:00+00:00,72.54379093681771,Percent
2021-09-02 13:38:00+00:00,70.83069435647855,Percent
2021-09-02 06:34:00+00:00,51.34418906981782,Percent
2021-09-01 18:05:00+00:00,0.0366666666666666,Percent
2021-09-01 19:50:00+00:00,71.84546924217929,Percent
2021-09-02 05:16:00+00:00,43.53760770653822,Percent
2021-09-02 01:44:00+00:00,50.34166666666666,Percent
2021-09-01 22:12:00+00:00,71.20833333333333,Percent
2021-09-01 22:51:00+00:00,71.69572319077302,Percent
2021-09-01 18:42:00+00:00,71.66166666666666,Percent
2021-09-02 07:05:00+00:00,0.0516675277921298,Percent
2021-09-02 00:30:00+00:00,70.40284004733412,Percent
2021-09-01 23:37:00+00:00,71.24166666666667,Percent
2021-09-01 19:46:00+00:00,47.62833333333333,Percent
2021-09-01 20:39:00+00:00,71.61952699211653,Percent
2021-09-01 21:32:00+00:00,71.89999999999999,Percent
2021-09-01 18:53:00+00:00,71.86880218663022,Percent
2021-09-02 08:27:00+00:00,71.81119685328089,Percent
2021-09-02 09:20:00+00:00,71.72119535325588,Percent
2021-09-02 04:21:00+00:00,71.52499999999999,Percent
2021-09-02 05:14:00+00:00,51.20166666666667,Percent
2021-09-02 06:07:00+00:00,71.04048265862237,Percent
2021-09-02 07:00:00+00:00,72.2,Percent
2021-09-01 14:24:00+00:00,46.019999999999996,Percent
2021-09-02 13:41:00+00:00,71.41547640872652,Percent
2021-09-02 08:57:00+00:00,72.46666666666665,Percent
2021-09-02 09:50:00+00:00,71.31833333333333,Percent
2021-09-01 22:59:00+00:00,71.80333333333333,Percent
2021-09-01 23:52:00+00:00,70.70048832519457,Percent
2021-09-02 05:10:00+00:00,71.42,Percent
2021-09-02 04:17:00+00:00,71.61166666666666,Percent
2021-09-01 21:24:00+00:00,48.163333333333334,Percent
2021-09-01 19:38:00+00:00,71.46452440874015,Percent
2021-09-02 06:15:00+00:00,0.0383333333333333,Percent
2021-09-02 04:29:00+00:00,71.98546690888485,Percent
2021-09-02 09:12:00+00:00,71.01048315861402,Percent
2021-09-02 08:35:00+00:00,0.0449992500124997,Percent
2021-09-01 14:54:00+00:00,46.384106401773366,Percent
2021-09-02 05:06:00+00:00,44.60758987350211,Percent
2021-09-02 13:57:00+00:00,71.64905496849894,Percent
2021-09-02 09:13:00+00:00,71.01285021417023,Percent
2021-09-02 06:52:00+00:00,70.43265224492515,Percent
2021-09-01 19:34:00+00:00,48.346666666666664,Percent
2021-09-01 14:16:00+00:00,49.742495708261806,Percent
2021-09-01 18:57:00+00:00,71.05833333333334,Percent
2021-09-02 13:49:00+00:00,72.14666666666668,Percent
2021-09-01 20:47:00+00:00,70.95451590859848,Percent
2021-09-01 19:01:00+00:00,71.54166666666667,Percent
2021-09-01 23:44:00+00:00,49.367489458157635,Percent
2021-09-02 13:53:00+00:00,71.60952682544709,Percent
2021-09-01 23:07:00+00:00,71.94380093665106,Percent
2021-09-01 14:17:00+00:00,71.24333333333334,Percent
2021-09-01 19:30:00+00:00,70.64382260295662,Percent
2021-09-02 04:54:00+00:00,51.40414326427893,Percent
2021-09-02 04:01:00+00:00,72.49333333333334,Percent
2021-09-02 07:16:00+00:00,43.91260145664239,Percent
2021-09-02 06:23:00+00:00,72.05286754779246,Percent
2021-09-01 23:21:00+00:00,70.59382343627605,Percent
2021-09-02 04:05:00+00:00,0.0633333333333333,Percent
2021-09-02 04:58:00+00:00,71.13,Percent
2021-09-01 18:37:00+00:00,70.48450807513458,Percent
2021-09-01 14:48:00+00:00,71.90619843664061,Percent
2021-09-02 00:14:00+00:00,49.955,Percent
2021-09-01 23:15:00+00:00,0.0433333333333333,Percent
2021-09-02 00:08:00+00:00,72.16786946449108,Percent
2021-09-02 08:41:00+00:00,70.42,Percent
2021-09-02 09:34:00+00:00,53.00088334805581,Percent
2021-09-02 03:57:00+00:00,71.61047315878068,Percent
2021-09-02 04:50:00+00:00,71.19333333333333,Percent
2021-09-02 08:43:00+00:00,71.70166666666667,Percent
2021-09-02 09:36:00+00:00,42.54429092848452,Percent
2021-09-02 13:25:00+00:00,0.0433326111231479,Percent
2021-09-01 20:55:00+00:00,0.0383339722328705,Percent
2021-09-01 21:48:00+00:00,71.19666666666666,Percent
2021-09-01 18:45:00+00:00,0.0433318889370354,Percent
2021-09-02 07:08:00+00:00,70.955,Percent
2021-09-02 13:37:00+00:00,71.19403980132672,Percent
2021-09-01 14:38:00+00:00,70.69882168630522,Percent
2021-09-02 09:28:00+00:00,71.445,Percent
2021-09-01 14:01:00+00:00,71.69666666666666,Percent
2021-09-02 04:13:00+00:00,71.9261987699795,Percent
2021-09-01 14:40:00+00:00,71.425,Percent
2021-09-01 14:03:00+00:00,71.41666666666666,Percent
2021-09-01 19:22:00+00:00,71.12951882531375,Percent
2021-09-02 04:42:00+00:00,71.65572185739525,Percent
2021-09-01 18:41:00+00:00,70.58117635293921,Percent
2021-09-02 13:33:00+00:00,71.64333333333333,Percent
2021-09-01 14:32:00+00:00,71.28833333333334,Percent
2021-09-01 23:58:00+00:00,71.32166666666667,Percent
2021-09-01 23:23:00+00:00,71.16,Percent
2021-09-01 19:18:00+00:00,71.15689117789222,Percent
2021-09-01 21:40:00+00:00,71.785,Percent
2021-09-02 06:31:00+00:00,70.66,Percent
2021-09-01 21:03:00+00:00,70.7778462974383,Percent
2021-09-02 00:00:00+00:00,71.25047915868069,Percent
2021-09-02 08:51:00+00:00,72.47379210346493,Percent
2021-09-01 15:04:00+00:00,45.953198439948,Percent
2021-09-01 14:11:00+00:00,71.47547540874318,Percent
2021-09-02 04:38:00+00:00,72.0354660755654,Percent
2021-09-02 03:45:00+00:00,0.0416673611226853,Percent
2021-09-01 23:39:00+00:00,71.42999999999999,Percent
2021-09-02 00:32:00+00:00,71.255,Percent
2021-09-01 20:07:00+00:00,72.51712471458808,Percent
2021-09-01 21:00:00+00:00,71.255,Percent
2021-09-01 20:18:00+00:00,70.72,Percent
2021-09-01 19:25:00+00:00,0.0466666666666666,Percent
2021-09-02 08:59:00+00:00,71.87786463107719,Percent
2021-09-02 09:52:00+00:00,71.308811519808,Percent
2021-09-01 20:52:00+00:00,71.325,Percent
2021-09-01 23:31:00+00:00,70.85048582523623,Percent
2021-09-02 00:24:00+00:00,49.442509291511804,Percent
2021-09-01 19:59:00+00:00,70.98666666666666,Percent
2021-09-02 13:05:00+00:00,0.0449992500124997,Percent
2021-09-02 13:58:00+00:00,72.19213013116448,Percent
2021-09-02 08:25:00+00:00,0.0366666666666666,Percent
2021-09-02 09:18:00+00:00,71.97786629777163,Percent
2021-09-02 04:53:00+00:00,71.31333333333332,Percent
2021-09-02 05:46:00+00:00,43.21783910804459,Percent
2021-09-02 05:27:00+00:00,70.95833333333334,Percent
2021-09-02 06:20:00+00:00,70.30617176952948,Percent
2021-09-02 05:38:00+00:00,71.88234313807182,Percent
2021-09-01 14:19:00+00:00,71.34381093648439,Percent
2021-09-01 19:02:00+00:00,72.03666666666668,Percent
2021-09-01 14:22:00+00:00,71.08548190863485,Percent
2021-09-01 19:41:00+00:00,70.95881735304411,Percent
2021-09-01 14:56:00+00:00,49.10333333333333,Percent
2021-09-01 23:47:00+00:00,71.1321477975367,Percent
2021-09-01 20:15:00+00:00,0.0416666666666666,Percent
2021-09-02 13:21:00+00:00,71.83546940884318,Percent
2021-09-02 09:07:00+00:00,71.79094030198993,Percent
2021-09-02 05:35:00+00:00,0.0699988333527774,Percent
2021-09-01 23:05:00+00:00,0.0433275563258232,Percent
2021-09-02 00:16:00+00:00,46.069101151685864,Percent
2021-09-01 19:33:00+00:00,71.29666666666667,Percent
2021-09-01 20:44:00+00:00,48.27580459674328,Percent
2021-09-01 18:25:00+00:00,0.0333333333333333,Percent
2021-09-01 20:10:00+00:00,71.89760341321956,Percent
2021-09-01 23:42:00+00:00,71.79547007549876,Percent
2021-09-02 05:01:00+00:00,70.91951532525542,Percent
2021-09-02 09:44:00+00:00,52.25920432007201,Percent
2021-09-02 06:12:00+00:00,70.93666666666667,Percent
2021-09-01 23:55:00+00:00,0.0366666666666666,Percent
2021-09-02 00:48:00+00:00,71.8457281909397,Percent
2021-09-01 20:23:00+00:00,71.52047465875569,Percent
2021-09-01 21:16:00+00:00,46.705,Percent
2021-09-02 08:09:00+00:00,70.91903063435447,Percent
2021-09-02 09:02:00+00:00,71.635,Percent
2021-09-02 04:37:00+00:00,71.83213613106449,Percent
2021-09-02 05:30:00+00:00,71.505,Percent
2021-09-02 03:29:00+00:00,71.971199519992,Percent
2021-09-02 04:22:00+00:00,71.07,Percent
2021-09-02 09:23:00+00:00,71.52666666666667,Percent
2021-09-02 10:16:00+00:00,42.210963150614155,Percent
2021-09-02 05:51:00+00:00,71.78,Percent
2021-09-02 06:44:00+00:00,51.876666666666665,Percent
2021-09-02 12:49:00+00:00,71.35118918648644,Percent
2021-09-02 13:42:00+00:00,71.19166666666666,Percent
2021-09-02 06:36:00+00:00,43.26,Percent
2021-09-02 09:15:00+00:00,0.0466674444574076,Percent
2021-09-02 10:08:00+00:00,70.76048732521123,Percent
2021-09-02 05:43:00+00:00,71.56666666666666,Percent
2021-09-01 14:06:00+00:00,49.57,Percent
2021-09-01 19:09:00+00:00,70.95618260304337,Percent
2021-09-01 14:27:00+00:00,71.11666666666666,Percent
2021-09-01 15:20:00+00:00,71.41666666666666,Percent
2021-09-01 20:02:00+00:00,71.00214996416726,Percent
2021-09-01 20:31:00+00:00,70.995,Percent
2021-09-02 00:03:00+00:00,71.44166666666668,Percent
2021-09-02 05:22:00+00:00,71.035,Percent
2021-09-02 04:45:00+00:00,0.049997500124993696,Percent
2021-09-01 15:12:00+00:00,71.6795279921332,Percent
2021-09-01 18:09:00+00:00,72.02786713111885,Percent
2021-09-02 05:59:00+00:00,71.36309851174107,Percent
2021-09-01 18:46:00+00:00,47.26824227474249,Percent
2021-09-02 00:40:00+00:00,71.5226159128029,Percent
2021-09-01 21:08:00+00:00,71.255,Percent
2021-09-02 09:31:00+00:00,70.96118268637811,Percent
2021-09-02 10:00:00+00:00,71.38,Percent
2021-09-02 06:28:00+00:00,71.12118535308923,Percent
2021-09-02 04:06:00+00:00,44.999250012499786,Percent
2021-09-01 14:35:00+00:00,0.0449992500124997,Percent
2021-09-01 23:26:00+00:00,45.86666666666667,Percent
2021-09-01 19:54:00+00:00,47.61833333333334,Percent
2021-09-01 22:49:00+00:00,70.70451174186236,Percent
2021-09-01 19:17:00+00:00,71.11644417779111,Percent
2021-09-02 00:11:00+00:00,71.59785996433274,Percent
2021-09-01 23:18:00+00:00,71.35,Percent
2021-09-01 16:14:00+00:00,46.842447374122905,Percent
2021-09-01 18:00:00+00:00,71.89999999999999,Percent
2021-09-02 13:30:00+00:00,71.90166666666666,Percent
2021-09-02 07:19:00+00:00,71.84619743662395,Percent
2021-09-02 05:33:00+00:00,71.86046899218346,Percent
2021-09-01 23:22:00+00:00,71.33118885314755,Percent
2021-09-02 01:08:00+00:00,71.55499999999999,Percent
2021-09-01 19:27:00+00:00,70.68931035632146,Percent
2021-09-01 17:41:00+00:00,71.21,Percent
2021-09-02 13:26:00+00:00,41.450690844847415,Percent
2021-09-02 06:22:00+00:00,71.35047749204179,Percent
2021-09-02 08:08:00+00:00,71.6576114129529,Percent
2021-09-02 09:35:00+00:00,0.045,Percent
2021-09-02 07:49:00+00:00,71.42785713095218,Percent
2021-09-02 01:38:00+00:00,71.77905930197673,Percent
2021-09-02 03:24:00+00:00,50.674155430742815,Percent
2021-09-01 14:55:00+00:00,0.0416666666666666,Percent
2021-09-02 09:47:00+00:00,70.70617843630727,Percent
2021-09-02 05:40:00+00:00,70.92999999999999,Percent
2021-09-02 05:03:00+00:00,71.31833333333333,Percent
2021-09-02 03:17:00+00:00,70.71,Percent
2021-09-01 20:16:00+00:00,47.069215513074774,Percent
2021-09-01 19:39:00+00:00,70.92166666666667,Percent
2021-09-02 03:54:00+00:00,50.75084584743079,Percent
2021-09-01 15:32:00+00:00,72.125,Percent
2021-09-02 10:24:00+00:00,52.207463208946514,Percent
2021-09-01 21:55:00+00:00,0.0349988333722209,Percent
2021-09-01 20:09:00+00:00,71.6345272421207,Percent
2021-09-01 17:48:00+00:00,71.88833333333334,Percent
2021-09-01 16:02:00+00:00,70.56450940849014,Percent
2021-09-02 10:54:00+00:00,53.11598913278998,Percent
2021-09-02 12:40:00+00:00,71.23,Percent
2021-09-01 17:11:00+00:00,71.0288161863969,Percent
2021-09-01 15:25:00+00:00,0.0433340555675927,Percent
2021-09-02 10:17:00+00:00,71.53119218653643,Percent
2021-09-02 12:03:00+00:00,71.78952982549708,Percent
2021-09-02 03:13:00+00:00,70.7204879918668,Percent
2021-09-02 06:10:00+00:00,70.97284954749246,Percent
2021-09-02 07:56:00+00:00,43.19405323422057,Percent
2021-09-02 03:50:00+00:00,71.32833333333333,Percent
2021-09-01 22:32:00+00:00,71.42999999999999,Percent
2021-09-01 20:46:00+00:00,46.654222429626174,Percent
2021-09-02 05:13:00+00:00,71.20285338088969,Percent
2021-09-01 22:09:00+00:00,72.05453424223737,Percent
2021-09-02 08:28:00+00:00,72.45833333333334,Percent
2021-09-02 08:26:00+00:00,43.30333333333333,Percent
2021-09-02 00:29:00+00:00,71.61047315878068,Percent
2021-09-01 18:18:00+00:00,71.9314034298285,Percent
2021-09-02 12:17:00+00:00,71.38666666666666,Percent
2021-09-02 05:15:00+00:00,0.0449992500124997,Percent
2021-09-01 23:04:00+00:00,49.067484458074304,Percent
2021-09-02 00:31:00+00:00,70.22617043617394,Percent
2021-09-01 15:05:00+00:00,0.0449977501124943,Percent
2021-09-01 18:20:00+00:00,71.70166666666667,Percent
2021-09-02 13:12:00+00:00,70.98618310305172,Percent
2021-09-01 18:14:00+00:00,47.339122318705314,Percent
2021-09-02 02:47:00+00:00,71.61213979767004,Percent
2021-09-01 20:36:00+00:00,47.41,Percent
2021-09-02 08:22:00+00:00,71.55833333333334,Percent
2021-09-02 01:18:00+00:00,70.91118185303088,Percent
2021-09-02 10:44:00+00:00,53.095884931415526,Percent
2021-09-01 17:23:00+00:00,72.0392653578214,Percent
2021-09-02 07:31:00+00:00,70.18950315838597,Percent
2021-09-02 01:20:00+00:00,69.98,Percent
2021-09-02 03:36:00+00:00,44.25185827139096,Percent
2021-09-02 10:05:00+00:00,0.0383326944550924,Percent
2021-09-02 02:59:00+00:00,72.19286988116468,Percent
2021-09-01 22:52:00+00:00,70.88451474191235,Percent
2021-09-02 10:42:00+00:00,71.73619560326006,Percent
2021-09-02 00:41:00+00:00,71.971199519992,Percent
2021-09-02 10:07:00+00:00,70.89451490858181,Percent
2021-09-01 17:37:00+00:00,71.57738591286376,Percent
2021-09-01 20:34:00+00:00,48.125,Percent
2021-09-01 19:57:00+00:00,71.97666666666666,Percent
2021-09-02 07:45:00+00:00,0.0433340555675927,Percent
2021-09-01 15:44:00+00:00,46.75922067965534,Percent
2021-09-01 22:13:00+00:00,72.40454007566791,Percent
2021-09-01 15:07:00+00:00,71.39737991266375,Percent
2021-09-02 05:52:00+00:00,71.12666666666668,Percent
2021-09-02 12:21:00+00:00,71.47619126985448,Percent
2021-09-01 22:15:00+00:00,0.0383333333333333,Percent
2021-09-02 13:00:00+00:00,72.13833333333334,Percent
2021-09-02 12:58:00+00:00,72.65833333333333,Percent
2021-09-02 12:23:00+00:00,70.86548557524043,Percent
2021-09-01 22:50:00+00:00,71.88854076394907,Percent
2021-09-01 15:57:00+00:00,71.41285688094801,Percent
2021-09-02 12:35:00+00:00,0.0383326944550924,Percent
2021-09-02 06:24:00+00:00,51.394999999999996,Percent
2021-09-02 09:03:00+00:00,72.47879202013299,Percent
2021-09-02 02:52:00+00:00,71.6942768574381,Percent
2021-09-02 06:05:00+00:00,0.0433333333333333,Percent
2021-09-01 23:54:00+00:00,48.516666666666666,Percent
2021-09-01 22:46:00+00:00,46.016666666666666,Percent
2021-09-01 15:42:00+00:00,71.74166666666667,Percent
2021-09-01 22:27:00+00:00,71.57047382543624,Percent
2021-09-01 18:55:00+00:00,0.0366660555657405,Percent
2021-09-01 16:16:00+00:00,48.47161572052402,Percent
2021-09-02 12:54:00+00:00,54.05423423723729,Percent
2021-09-02 05:50:00+00:00,71.45333333333333,Percent
2021-09-02 00:43:00+00:00,72.38833333333334,Percent
2021-09-01 21:11:00+00:00,69.98,Percent
2021-09-01 18:32:00+00:00,70.8656955231841,Percent
2021-09-01 15:00:00+00:00,71.80286338105634,Percent
2021-09-02 07:13:00+00:00,71.00951682528041,Percent
2021-09-01 18:13:00+00:00,71.27,Percent
2021-09-02 08:40:00+00:00,71.92260257991401,Percent
2021-09-02 11:19:00+00:00,71.68594380187328,Percent
2021-09-02 05:08:00+00:00,71.39333333333332,Percent
2021-09-02 00:09:00+00:00,72.075,Percent
2021-09-01 17:05:00+00:00,0.041665972233796096,Percent
2021-09-02 10:22:00+00:00,71.5271412143131,Percent
2021-09-02 03:18:00+00:00,71.10166666666666,Percent
2021-09-01 20:14:00+00:00,47.84420259662339,Percent
2021-09-01 19:37:00+00:00,71.42761907936402,Percent
2021-09-01 20:48:00+00:00,71.15381410309827,Percent
2021-09-01 17:16:00+00:00,47.82833333333333,Percent
2021-09-02 04:31:00+00:00,71.59571985732858,Percent
2021-09-02 08:03:00+00:00,71.74166666666667,Percent
2021-09-02 02:10:00+00:00,71.86880218663022,Percent
2021-09-02 01:33:00+00:00,71.73786229770496,Percent
2021-09-02 03:49:00+00:00,71.4545242420707,Percent
2021-09-01 20:11:00+00:00,71.4140471349045,Percent
2021-09-01 16:39:00+00:00,71.60094663511217,Percent
2021-09-02 09:45:00+00:00,0.0416666666666666,Percent
2021-09-02 10:56:00+00:00,42.32596123397943,Percent
2021-09-01 14:18:00+00:00,71.05333333333334,Percent
2021-09-02 02:41:00+00:00,70.73666666666668,Percent
2021-09-02 07:24:00+00:00,51.99333333333334,Percent
2021-09-02 10:19:00+00:00,71.43738124604154,Percent
2021-09-02 06:47:00+00:00,71.06118435307255,Percent
2021-09-02 04:26:00+00:00,44.48,Percent
2021-09-01 15:39:00+00:00,71.80453007550126,Percent
2021-09-02 12:53:00+00:00,72.1671305478242,Percent
2021-09-02 06:42:00+00:00,71.52047465875569,Percent
2021-09-02 05:47:00+00:00,70.8028467141119,Percent
2021-09-01 17:42:00+00:00,72.31666666666666,Percent
2021-09-02 02:15:00+00:00,0.0383333333333333,Percent
2021-09-01 23:36:00+00:00,46.32,Percent
2021-09-01 20:04:00+00:00,47.824999999999996,Percent
2021-09-01 22:45:00+00:00,0.045,Percent
2021-09-01 16:34:00+00:00,46.51166666666667,Percent
2021-09-02 08:58:00+00:00,72.33833333333334,Percent
2021-09-02 01:01:00+00:00,70.96784946415774,Percent
2021-09-01 18:50:00+00:00,71.12118535308923,Percent
2021-09-01 17:55:00+00:00,0.0366666666666666,Percent
2021-09-01 14:23:00+00:00,71.2545209086818,Percent
2021-09-02 07:50:00+00:00,70.93215113081449,Percent
2021-09-02 13:44:00+00:00,54.17666666666666,Percent
2021-09-02 00:46:00+00:00,45.23,Percent
2021-09-02 10:12:00+00:00,71.24333333333334,Percent
2021-09-02 11:51:00+00:00,72.47287454790913,Percent
2021-09-01 21:06:00+00:00,47.19666666666666,Percent
2021-09-02 01:52:00+00:00,70.66666666666666,Percent
2021-09-02 08:21:00+00:00,71.785,Percent
2021-09-01 22:20:00+00:00,71.38333333333334,Percent
2021-09-02 01:15:00+00:00,0.0416666666666666,Percent
2021-09-01 21:43:00+00:00,70.89215179747004,Percent
2021-09-02 12:28:00+00:00,71.89666666666666,Percent
2021-09-02 03:31:00+00:00,71.36881051982466,Percent
2021-09-01 14:33:00+00:00,70.13783563059384,Percent
2021-09-01 23:59:00+00:00,71.7711961866031,Percent
2021-09-02 12:22:00+00:00,70.89166666666667,Percent
2021-09-02 05:18:00+00:00,71.76286271437857,Percent
2021-09-02 11:45:00+00:00,0.045,Percent
2021-09-02 04:41:00+00:00,71.96093463551215,Percent
2021-09-01 21:37:00+00:00,71.62166666666666,Percent
2021-09-01 14:00:00+00:00,71.81953032550543,Percent
2021-09-01 20:29:00+00:00,72.04166666666667,Percent
2021-09-02 11:14:00+00:00,53.245,Percent
2021-09-01 22:14:00+00:00,48.275,Percent
2021-09-02 04:08:00+00:00,71.87119785329755,Percent
2021-09-02 10:37:00+00:00,70.87381876968716,Percent
2021-09-01 15:10:00+00:00,71.82,Percent
2021-09-02 00:36:00+00:00,45.58,Percent
2021-09-02 06:41:00+00:00,71.56952615876932,Percent
2021-09-02 01:23:00+00:00,71.91213479775337,Percent
2021-09-01 16:33:00+00:00,71.27499999999999,Percent
2021-09-02 12:18:00+00:00,70.675,Percent
2021-09-02 02:50:00+00:00,71.99786663111051,Percent
2021-09-01 14:28:00+00:00,71.71452857547625,Percent
2021-09-02 10:51:00+00:00,71.17833333333334,Percent
2021-09-02 02:54:00+00:00,50.01749970833819,Percent
2021-09-01 22:10:00+00:00,71.578807019883,Percent
2021-09-01 23:56:00+00:00,46.60333333333334,Percent
2021-09-02 06:37:00+00:00,71.41214313094781,Percent
2021-09-02 08:23:00+00:00,71.88427052431585,Percent
2021-09-02 02:46:00+00:00,45.49333333333334,Percent
2021-09-01 21:28:00+00:00,71.86666666666666,Percent
2021-09-01 21:13:00+00:00,71.62119368656144,Percent
2021-09-01 16:48:00+00:00,71.255,Percent
2021-09-02 04:36:00+00:00,44.05166666666667,Percent
2021-09-01 18:15:00+00:00,0.0383333333333333,Percent
2021-09-01 16:29:00+00:00,71.56047399210011,Percent
2021-09-02 11:21:00+00:00,71.97166666666666,Percent
2021-09-02 06:56:00+00:00,43.64333333333333,Percent
2021-09-01 16:41:00+00:00,71.76047065882234,Percent
2021-09-01 14:20:00+00:00,71.51,Percent
2021-09-02 07:26:00+00:00,42.91595140080999,Percent
2021-09-02 06:49:00+00:00,72.01786696444941,Percent
2021-09-02 04:28:00+00:00,70.92666666666668,Percent
2021-09-02 02:42:00+00:00,72.02120035333922,Percent
2021-09-01 20:51:00+00:00,71.4538091031816,Percent
2021-09-02 11:36:00+00:00,41.855,Percent
2021-09-02 10:59:00+00:00,70.85645717714114,Percent
2021-09-01 17:18:00+00:00,71.23,Percent
2021-09-02 02:09:00+00:00,71.325,Percent
2021-09-01 18:23:00+00:00,71.60572019067303,Percent
2021-09-01 21:20:00+00:00,71.14666666666668,Percent
2021-09-01 16:37:00+00:00,71.43333333333334,Percent
2021-09-01 20:43:00+00:00,71.61666666666666,Percent
2021-09-02 06:45:00+00:00,0.0450007500125002,Percent
2021-09-02 08:31:00+00:00,70.76284604743412,Percent
2021-09-02 11:28:00+00:00,70.52715788070199,Percent
2021-09-01 17:14:00+00:00,47.43333333333333,Percent
2021-09-02 03:51:00+00:00,71.33452224203737,Percent
2021-09-02 02:05:00+00:00,0.0616676944615743,Percent
2021-09-02 07:22:00+00:00,71.95453257554293,Percent
2021-09-02 09:08:00+00:00,70.51568385612853,Percent
2021-09-01 19:00:00+00:00,70.97833333333334,Percent
2021-09-01 23:19:00+00:00,71.975,Percent
2021-09-02 01:41:00+00:00,71.91760274657511,Percent
2021-09-02 12:00:00+00:00,71.81833333333333,Percent
2021-09-02 13:27:00+00:00,71.86166666666666,Percent
2021-09-01 21:50:00+00:00,72.1528692144869,Percent
2021-09-02 09:40:00+00:00,71.99286654777579,Percent
2021-09-01 17:10:00+00:00,71.51119185319756,Percent
2021-09-02 11:09:00+00:00,71.50238341278043,Percent
2021-09-01 19:32:00+00:00,71.30166666666666,Percent
2021-09-01 21:52:00+00:00,70.93972931528768,Percent
2021-09-02 07:18:00+00:00,72.01926602446585,Percent
2021-09-01 21:46:00+00:00,47.03666666666666,Percent
2021-09-02 06:19:00+00:00,72.175,Percent
2021-09-01 16:11:00+00:00,71.38833333333334,Percent
2021-09-01 16:09:00+00:00,71.63119385323088,Percent
2021-09-02 11:54:00+00:00,53.690771820469664,Percent
2021-09-01 19:24:00+00:00,47.343333333333334,Percent
2021-09-01 17:06:00+00:00,48.855814263571055,Percent
2021-09-02 02:32:00+00:00,71.68547190880152,Percent
2021-09-02 11:58:00+00:00,70.13833333333334,Percent
2021-09-02 01:37:00+00:00,71.6309456351455,Percent
2021-09-02 03:59:00+00:00,72.6171230479492,Percent
2021-09-02 07:14:00+00:00,52.07079882001967,Percent
2021-09-01 21:42:00+00:00,71.42238074602487,Percent
2021-09-02 00:04:00+00:00,48.41919301344977,Percent
2021-09-01 23:27:00+00:00,70.81166666666667,Percent
2021-09-02 02:24:00+00:00,49.666666666666664,Percent
2021-09-02 11:50:00+00:00,71.31,Percent
2021-09-01 18:47:00+00:00,71.44333333333334,Percent
2021-09-01 21:09:00+00:00,70.12666666666668,Percent
2021-09-02 09:32:00+00:00,71.57666666666667,Percent
2021-09-02 08:55:00+00:00,0.034999999999999996,Percent
2021-09-02 11:17:00+00:00,70.76284604743412,Percent
2021-09-01 16:19:00+00:00,71.30166666666666,Percent
2021-09-02 01:45:00+00:00,0.0366672777879631,Percent
2021-09-01 21:38:00+00:00,71.98566786101158,Percent
2021-09-02 07:04:00+00:00,51.749137514374766,Percent
2021-09-01 21:01:00+00:00,71.43309501191607,Percent
2021-09-02 06:27:00+00:00,70.92381793636773,Percent
2021-09-02 11:46:00+00:00,41.36764387260212,Percent
2021-09-02 01:47:00+00:00,70.66451107518459,Percent
2021-09-02 11:13:00+00:00,71.645,Percent
2021-09-02 13:35:00+00:00,0.0416666666666666,Percent
2021-09-01 21:05:00+00:00,0.0433333333333333,Percent
2021-09-01 16:56:00+00:00,48.5773340223026,Percent
2021-09-02 02:22:00+00:00,71.48071602386747,Percent
2021-09-01 17:43:00+00:00,71.50285838097301,Percent
2021-09-02 10:49:00+00:00,71.23618726978782,Percent
2021-09-02 07:17:00+00:00,71.78619643660727,Percent
2021-09-02 11:23:00+00:00,71.15214746420892,Percent
2021-09-02 07:51:00+00:00,71.485,Percent
2021-09-01 21:15:00+00:00,0.0450015000500016,Percent
2021-09-02 04:04:00+00:00,50.82666666666666,Percent
2021-09-01 17:28:00+00:00,71.15573702191485,Percent
2021-09-01 20:41:00+00:00,71.29618826980449,Percent
2021-09-01 17:09:00+00:00,70.39333333333332,Percent
2021-09-02 07:36:00+00:00,43.24166666666667,Percent
2021-09-02 03:22:00+00:00,71.11903730124337,Percent
2021-09-01 16:46:00+00:00,48.166666666666664,Percent
2021-09-02 12:31:00+00:00,70.51450857514293,Percent
2021-09-01 17:20:00+00:00,72.06046565890567,Percent
2021-09-02 06:54:00+00:00,51.24081265312245,Percent
2021-09-02 02:14:00+00:00,49.76583723604607,Percent
2021-09-01 22:42:00+00:00,70.82381960300661,Percent
2021-09-02 01:55:00+00:00,0.0533333333333333,Percent
2021-09-01 22:23:00+00:00,71.81880301994967,Percent
2021-09-02 12:50:00+00:00,71.825,Percent
2021-09-02 08:36:00+00:00,42.78666666666667,Percent
2021-09-01 22:00:00+00:00,70.98333333333333,Percent
2021-09-01 18:28:00+00:00,71.37666666666667,Percent
2021-09-01 21:23:00+00:00,71.74166666666667,Percent
2021-09-01 17:51:00+00:00,72.5345422423707,Percent
2021-09-02 12:08:00+00:00,70.32166666666667,Percent
2021-09-02 06:17:00+00:00,71.66666666666666,Percent
2021-09-02 02:45:00+00:00,0.041665972233796096,Percent
2021-09-02 03:56:00+00:00,43.928333333333335,Percent
2021-09-02 07:28:00+00:00,71.20214663088949,Percent
2021-09-02 06:51:00+00:00,70.975,Percent
2021-09-02 03:19:00+00:00,71.36333333333333,Percent
2021-09-01 16:43:00+00:00,71.70619510325173,Percent
2021-09-02 06:46:00+00:00,43.21261312311461,Percent
2021-09-02 03:14:00+00:00,49.7641627360456,Percent
2021-09-02 06:09:00+00:00,71.25047915868069,Percent
2021-09-02 02:37:00+00:00,70.88618143635728,Percent
2021-09-01 16:01:00+00:00,70.7,Percent
2021-09-02 11:31:00+00:00,71.8785414305713,Percent
2021-09-02 07:59:00+00:00,70.67264424519183,Percent
2021-09-01 16:38:00+00:00,71.58952649210819,Percent
2021-09-02 01:05:00+00:00,0.0383326944550924,Percent
2021-09-01 21:33:00+00:00,71.66333333333334,Percent
2021-09-02 06:59:00+00:00,71.10333333333332,Percent
2021-09-02 03:27:00+00:00,71.27141809453964,Percent
2021-09-02 11:41:00+00:00,71.81713638106032,Percent
2021-09-02 07:54:00+00:00,51.73833333333333,Percent
2021-09-02 12:55:00+00:00,0.0433326111231479,Percent
2021-09-01 17:46:00+00:00,47.90913181886365,Percent
2021-09-01 21:18:00+00:00,71.82713621439643,Percent
2021-09-02 02:19:00+00:00,71.43952399206653,Percent
2021-09-01 16:51:00+00:00,71.08833333333332,Percent
2021-09-02 11:26:00+00:00,42.28,Percent
2021-09-02 13:40:00+00:00,70.83833333333334,Percent
2021-09-01 21:10:00+00:00,71.37881035316077,Percent
2021-09-01 17:38:00+00:00,71.90687287514166,Percent
2021-09-01 23:32:00+00:00,71.30285504758413,Percent
2021-09-02 03:04:00+00:00,49.85250245829236,Percent
2021-09-01 15:37:00+00:00,72.41212646455892,Percent
2021-09-01 22:24:00+00:00,48.97166666666667,Percent
2021-09-01 18:52:00+00:00,71.34737824594153,Percent
2021-09-02 05:45:00+00:00,0.0383333333333333,Percent
2021-09-02 02:13:00+00:00,70.8678477974633,Percent
2021-09-02 12:32:00+00:00,71.60380660322326,Percent
2021-09-02 09:00:00+00:00,71.53833333333334,Percent
2021-09-02 12:26:00+00:00,41.78069634493908,Percent
2021-09-02 01:50:00+00:00,71.05618426973783,Percent
2021-09-02 01:13:00+00:00,71.74333333333334,Percent
2021-09-01 21:41:00+00:00,71.7609413019566,Percent
2021-09-01 17:01:00+00:00,71.5921401309978,Percent
2021-09-02 02:27:00+00:00,71.69213846435892,Percent
2021-09-01 22:55:00+00:00,0.0366666666666666,Percent
2021-09-02 11:18:00+00:00,71.07881535307745,Percent
2021-09-02 07:46:00+00:00,42.9742837619373,Percent
2021-09-01 22:18:00+00:00,71.84453074217903,Percent
2021-09-02 10:41:00+00:00,72.18713021449642,Percent
2021-09-02 07:09:00+00:00,70.695,Percent
2021-09-02 13:03:00+00:00,70.8,Percent
2021-09-01 20:33:00+00:00,71.0,Percent
2021-09-02 02:56:00+00:00,45.75395436438488,Percent
2021-09-01 23:24:00+00:00,49.40333333333333,Percent
2021-09-01 22:47:00+00:00,71.91333333333333,Percent
2021-09-02 13:32:00+00:00,71.04666666666667,Percent
2021-09-02 11:49:00+00:00,72.16546390893485,Percent
