Timestamp,Average,Unit
2021-09-01 15:40:00+00:00,96.43333333333334,Percent
2021-09-01 14:47:00+00:00,94.6,Percent
2021-09-02 12:52:00+00:00,96.14679510682977,Percent
2021-09-02 10:13:00+00:00,93.98489974832914,Percent
2021-09-02 11:06:00+00:00,95.1865062168739,Percent
2021-09-02 11:59:00+00:00,9.758333333333333,Percent
2021-09-01 17:45:00+00:00,94.99841669305512,Percent
2021-09-01 18:38:00+00:00,5.2086805787052475,Percent
2021-09-02 02:35:00+00:00,93.02189927002433,Percent
2021-09-02 03:28:00+00:00,13.858564309405159,Percent
2021-09-02 00:49:00+00:00,20.416666666666664,Percent
2021-09-02 01:42:00+00:00,94.98808273747021,Percent
2021-09-01 19:31:00+00:00,96.84354376374908,Percent
2021-09-01 20:24:00+00:00,96.28172863785603,Percent
2021-09-01 15:17:00+00:00,94.77859440361314,Percent
2021-09-01 16:10:00+00:00,95.89166666666667,Percent
2021-09-01 17:03:00+00:00,94.9567507208213,Percent
2021-09-02 10:09:00+00:00,11.66647222546291,Percent
2021-09-02 11:02:00+00:00,94.66666666666666,Percent
2021-09-02 11:55:00+00:00,95.91666666666666,Percent
2021-09-02 12:48:00+00:00,22.80038000633344,Percent
2021-09-02 03:05:00+00:00,95.6849280821347,Percent
2021-09-02 03:58:00+00:00,14.308333333333334,Percent
2021-09-02 04:51:00+00:00,95.63652121737391,Percent
2021-09-02 05:44:00+00:00,94.99166666666666,Percent
2021-09-01 22:21:00+00:00,95.12341460975651,Percent
2021-09-01 23:14:00+00:00,96.58172363793936,Percent
2021-09-02 00:07:00+00:00,96.75,Percent
2021-09-02 01:00:00+00:00,94.18538764082395,Percent
2021-09-01 17:56:00+00:00,95.94486482882762,Percent
2021-09-01 16:06:00+00:00,96.54678177394088,Percent
2021-09-01 17:52:00+00:00,95.50514982833906,Percent
2021-09-02 13:18:00+00:00,22.583333333333336,Percent
2021-09-01 22:37:00+00:00,93.7515625260421,Percent
2021-09-02 00:23:00+00:00,96.90510316322789,Percent
2021-09-01 17:19:00+00:00,28.015732808906368,Percent
2021-09-01 15:33:00+00:00,93.94060593940607,Percent
2021-09-02 10:25:00+00:00,94.59324322072034,Percent
2021-09-02 12:11:00+00:00,96.0647376491766,Percent
2021-09-02 09:43:00+00:00,95.85159752662544,Percent
2021-09-02 07:57:00+00:00,93.7468751041632,Percent
2021-09-02 01:26:00+00:00,93.35988933148886,Percent
2021-09-01 20:08:00+00:00,6.6908860632926155,Percent
2021-09-01 18:22:00+00:00,94.19323655394257,Percent
2021-09-02 08:34:00+00:00,96.08653621787393,Percent
2021-09-02 10:20:00+00:00,95.75,Percent
2021-09-02 01:30:00+00:00,94.36194856923821,Percent
2021-09-02 03:16:00+00:00,94.78333333333332,Percent
2021-09-01 17:15:00+00:00,94.70877426881093,Percent
2021-09-01 15:29:00+00:00,29.23333333333333,Percent
2021-09-02 02:39:00+00:00,18.733645560759346,Percent
2021-09-02 00:53:00+00:00,95.925,Percent
2021-09-02 12:41:00+00:00,96.63494391573192,Percent
2021-09-01 19:47:00+00:00,95.73014232858905,Percent
2021-09-01 20:40:00+00:00,95.79166666666666,Percent
2021-09-01 15:03:00+00:00,95.15516149461685,Percent
2021-09-01 15:56:00+00:00,96.0016000266671,Percent
2021-09-02 02:51:00+00:00,93.61666666666667,Percent
2021-09-02 03:44:00+00:00,94.06872875141657,Percent
2021-09-02 09:57:00+00:00,94.31981066035534,Percent
2021-09-02 10:50:00+00:00,95.39484649488315,Percent
2021-09-02 05:07:00+00:00,95.55,Percent
2021-09-02 02:49:00+00:00,18.116364727254545,Percent
2021-09-02 03:42:00+00:00,95.90193987067529,Percent
2021-09-02 12:15:00+00:00,96.83817524209543,Percent
2021-09-02 13:08:00+00:00,22.275371256187604,Percent
2021-09-01 22:05:00+00:00,94.37657294288238,Percent
2021-09-01 22:58:00+00:00,8.925148752479208,Percent
2021-09-01 15:01:00+00:00,94.85991433190553,Percent
2021-09-01 15:54:00+00:00,95.88527431504566,Percent
2021-09-02 09:53:00+00:00,94.68851038298723,Percent
2021-09-02 10:46:00+00:00,95.10991849864163,Percent
2021-09-02 01:14:00+00:00,94.4900918318028,Percent
2021-09-01 15:13:00+00:00,94.04166666666666,Percent
2021-09-02 00:39:00+00:00,21.02535042250704,Percent
2021-09-02 13:02:00+00:00,95.69964163680307,Percent
2021-09-02 12:25:00+00:00,96.6567223879602,Percent
2021-09-02 08:18:00+00:00,18.474999999999998,Percent
2021-09-01 18:12:00+00:00,92.98178363693938,Percent
2021-09-02 13:04:00+00:00,94.33490558175968,Percent
2021-09-02 06:00:00+00:00,94.12029398530073,Percent
2021-09-01 17:35:00+00:00,95.80159669327821,Percent
2021-09-02 12:27:00+00:00,97.13657121904063,Percent
2021-09-02 05:23:00+00:00,94.9020065328978,Percent
2021-09-01 15:50:00+00:00,96.34839419343011,Percent
2021-09-02 01:16:00+00:00,94.13333333333334,Percent
2021-09-02 01:10:00+00:00,94.80833333333332,Percent
2021-09-02 10:36:00+00:00,94.50157502625045,Percent
2021-09-02 00:33:00+00:00,95.68688232255055,Percent
2021-09-02 09:59:00+00:00,11.991266957768074,Percent
2021-09-01 17:29:00+00:00,26.879749366751096,Percent
2021-09-02 02:55:00+00:00,93.35311177039235,Percent
2021-09-02 07:41:00+00:00,93.47032648367582,Percent
2021-09-01 18:08:00+00:00,4.60856376152141,Percent
2021-09-02 00:37:00+00:00,95.04008266528892,Percent
2021-09-01 18:06:00+00:00,95.1884937168761,Percent
2021-09-02 03:32:00+00:00,94.05676572057132,Percent
2021-09-01 17:31:00+00:00,95.27182427252424,Percent
2021-09-01 16:31:00+00:00,96.79865346798653,Percent
2021-09-01 17:24:00+00:00,94.7150880818653,Percent
2021-09-02 09:37:00+00:00,96.45160752679212,Percent
2021-09-02 10:30:00+00:00,95.09683010566314,Percent
2021-09-02 02:33:00+00:00,93.0635645478484,Percent
2021-09-02 03:26:00+00:00,94.27342877618706,Percent
2021-09-02 01:25:00+00:00,95.29841169313846,Percent
2021-09-02 02:18:00+00:00,12.558124031266145,Percent
2021-09-02 12:20:00+00:00,97.03333333333333,Percent
2021-09-02 11:27:00+00:00,93.60521315956136,Percent
2021-09-02 08:29:00+00:00,13.325666283314167,Percent
2021-09-02 09:22:00+00:00,95.51666666666668,Percent
2021-09-02 10:45:00+00:00,94.58536097593493,Percent
2021-09-02 11:38:00+00:00,21.417023617060284,Percent
2021-09-01 15:34:00+00:00,96.29617282304307,Percent
2021-09-01 14:41:00+00:00,93.60312010400347,Percent
2021-09-02 03:07:00+00:00,94.21666666666667,Percent
2021-09-02 04:00:00+00:00,94.0817653039116,Percent
2021-09-01 23:35:00+00:00,96.6868323250504,Percent
2021-09-02 00:28:00+00:00,10.675177919631993,Percent
2021-09-01 20:03:00+00:00,96.48494141569026,Percent
2021-09-01 20:56:00+00:00,94.48333333333332,Percent
2021-09-01 14:26:00+00:00,94.94799653310221,Percent
2021-09-02 02:07:00+00:00,95.225,Percent
2021-09-01 23:46:00+00:00,96.69838836019399,Percent
2021-09-02 12:09:00+00:00,9.949336710885941,Percent
2021-09-02 13:20:00+00:00,95.69326155435924,Percent
2021-09-01 23:09:00+00:00,22.28333333333333,Percent
2021-09-01 16:05:00+00:00,96.04166666666667,Percent
2021-09-02 09:11:00+00:00,96.3464839908662,Percent
2021-09-02 12:43:00+00:00,96.13173113781437,Percent
2021-09-02 05:39:00+00:00,16.03333333333333,Percent
2021-09-01 14:57:00+00:00,95.09683010566314,Percent
2021-09-02 12:46:00+00:00,96.21666666666665,Percent
2021-09-01 16:42:00+00:00,96.85833333333333,Percent
2021-09-02 09:48:00+00:00,19.732017865475633,Percent
2021-09-02 06:16:00+00:00,92.96666666666665,Percent
2021-09-02 02:44:00+00:00,94.56509058182364,Percent
2021-09-01 14:15:00+00:00,94.36509391510141,Percent
2021-09-02 12:04:00+00:00,97.22662044367407,Percent
2021-09-02 00:17:00+00:00,96.18012732908902,Percent
2021-09-02 09:06:00+00:00,96.83817524209543,Percent
2021-09-02 02:02:00+00:00,94.25676238729353,Percent
2021-09-01 17:47:00+00:00,94.81867875474968,Percent
2021-09-02 00:54:00+00:00,96.07980399019951,Percent
2021-09-01 17:50:00+00:00,95.9515991933199,Percent
2021-09-01 17:13:00+00:00,95.78333333333333,Percent
2021-09-01 14:52:00+00:00,94.38333333333333,Percent
2021-09-01 18:24:00+00:00,94.72657877631295,Percent
2021-09-02 10:14:00+00:00,93.27499999999999,Percent
2021-09-02 09:21:00+00:00,96.32660544342406,Percent
2021-09-01 14:10:00+00:00,94.47657460957682,Percent
2021-09-01 18:56:00+00:00,94.70113678034468,Percent
2021-09-01 14:31:00+00:00,94.02656710945182,Percent
2021-09-01 15:24:00+00:00,96.48333333333333,Percent
2021-09-01 18:03:00+00:00,94.12656877614626,Percent
2021-09-02 03:10:00+00:00,94.68648954965164,Percent
2021-09-02 12:36:00+00:00,96.03013232892236,Percent
2021-09-02 02:17:00+00:00,94.65991099851664,Percent
2021-09-02 11:43:00+00:00,94.05676572057132,Percent
2021-09-02 03:23:00+00:00,95.45,Percent
2021-09-02 04:16:00+00:00,94.93291107592299,Percent
2021-09-02 11:37:00+00:00,94.45833333333333,Percent
2021-09-02 12:30:00+00:00,95.80159669327821,Percent
2021-09-02 10:29:00+00:00,11.108333333333334,Percent
2021-09-02 11:22:00+00:00,94.80833333333332,Percent
2021-09-01 14:25:00+00:00,92.34166666666665,Percent
2021-09-01 15:18:00+00:00,2.1834061135371177,Percent
2021-09-01 23:51:00+00:00,95.93333333333334,Percent
2021-09-02 00:44:00+00:00,93.76822947049118,Percent
2021-09-01 20:19:00+00:00,24.93333333333333,Percent
2021-09-01 21:12:00+00:00,95.15317177239241,Percent
2021-09-01 16:47:00+00:00,96.47821594053136,Percent
2021-09-01 17:40:00+00:00,94.84166666666665,Percent
2021-09-01 17:34:00+00:00,95.77021148942552,Percent
2021-09-02 03:00:00+00:00,94.69684343855205,Percent
2021-09-01 22:53:00+00:00,94.9130789872827,Percent
2021-09-02 13:36:00+00:00,93.98489974832914,Percent
2021-09-02 00:38:00+00:00,10.875,Percent
2021-09-02 10:04:00+00:00,93.70312343744791,Percent
2021-09-02 06:32:00+00:00,94.05363065180074,Percent
2021-09-01 23:30:00+00:00,96.59356042930472,Percent
2021-09-02 11:53:00+00:00,95.61985399513317,Percent
2021-09-01 16:26:00+00:00,95.78368469294224,Percent
2021-09-01 15:49:00+00:00,29.450981699389978,Percent
2021-09-02 08:50:00+00:00,96.4733921101315,Percent
2021-09-02 08:13:00+00:00,95.37658960982682,Percent
2021-09-01 18:40:00+00:00,94.45833333333333,Percent
2021-09-02 01:09:00+00:00,20.432311717747446,Percent
2021-09-01 15:08:00+00:00,1.9000316671944533,Percent
2021-09-02 00:01:00+00:00,96.83333333333333,Percent
2021-09-02 09:27:00+00:00,96.94328238803979,Percent
2021-09-02 05:55:00+00:00,95.29484316143872,Percent
2021-09-01 16:57:00+00:00,95.36825613760229,Percent
2021-09-02 02:23:00+00:00,93.82864190123827,Percent
2021-09-02 01:46:00+00:00,93.93696981817575,Percent
2021-09-02 12:59:00+00:00,9.275309176972565,Percent
2021-09-01 19:12:00+00:00,95.09325155419258,Percent
2021-09-01 18:19:00+00:00,27.000000000000004,Percent
2021-09-02 13:45:00+00:00,92.37653960899348,Percent
2021-09-01 15:06:00+00:00,95.21865208986067,Percent
2021-09-01 15:59:00+00:00,28.649999999999995,Percent
2021-09-01 16:52:00+00:00,96.78010732975567,Percent
2021-09-02 09:58:00+00:00,19.866335561073985,Percent
2021-09-01 14:13:00+00:00,94.3599059984333,Percent
2021-09-02 09:05:00+00:00,94.95358565405064,Percent
2021-09-02 03:47:00+00:00,94.29009516508057,Percent
2021-09-02 04:40:00+00:00,93.81666666666668,Percent
2021-09-02 02:12:00+00:00,93.99010016499724,Percent
2021-09-01 23:33:00+00:00,96.26666666666667,Percent
2021-09-02 00:26:00+00:00,96.85833333333333,Percent
2021-09-02 01:19:00+00:00,20.007999866668886,Percent
2021-09-02 03:39:00+00:00,17.400290004833415,Percent
2021-09-02 04:32:00+00:00,95.34166666666667,Percent
2021-09-01 18:49:00+00:00,26.241666666666667,Percent
2021-09-01 19:42:00+00:00,95.0051664944502,Percent
2021-09-01 14:09:00+00:00,30.9,Percent
2021-09-01 15:02:00+00:00,94.46981566052202,Percent
2021-09-02 09:01:00+00:00,97.18657288576286,Percent
2021-09-02 09:54:00+00:00,95.09800653376892,Percent
2021-09-02 10:47:00+00:00,95.35317843928131,Percent
2021-09-02 11:40:00+00:00,93.9401009983167,Percent
2021-09-02 13:07:00+00:00,95.4734087765204,Percent
2021-09-01 18:27:00+00:00,94.39685343821873,Percent
2021-09-02 09:46:00+00:00,97.34815654376959,Percent
2021-09-02 11:32:00+00:00,95.09483649454981,Percent
2021-09-01 23:45:00+00:00,96.76827947132453,Percent
2021-09-01 19:05:00+00:00,95.43651455048501,Percent
2021-09-01 14:58:00+00:00,1.7250287504791746,Percent
2021-09-01 16:44:00+00:00,96.7567207213213,Percent
2021-09-02 00:22:00+00:00,97.05,Percent
2021-09-01 14:21:00+00:00,94.99166666666666,Percent
2021-09-01 16:07:00+00:00,96.67822260742025,Percent
2021-09-01 19:04:00+00:00,95.21825363756062,Percent
2021-09-02 03:55:00+00:00,94.9015816930282,Percent
2021-09-01 23:41:00+00:00,95.348410859819,Percent
2021-09-02 04:24:00+00:00,95.1297564878244,Percent
2021-09-02 13:15:00+00:00,97.00995016583609,Percent
2021-09-01 14:50:00+00:00,93.94323238720645,Percent
2021-09-01 16:36:00+00:00,97.10509649678343,Percent
2021-09-02 01:27:00+00:00,94.82341960967318,Percent
2021-09-02 09:42:00+00:00,96.54327572126202,Percent
2021-09-02 05:02:00+00:00,94.88175197080048,Percent
2021-09-02 04:25:00+00:00,94.27499999999999,Percent
2021-09-02 02:04:00+00:00,93.70520982633911,Percent
2021-09-02 00:18:00+00:00,10.716666666666665,Percent
2021-09-02 09:09:00+00:00,12.89123695876804,Percent
2021-09-02 10:55:00+00:00,94.725,Percent
2021-09-02 13:52:00+00:00,96.30672822119631,Percent
2021-09-01 14:46:00+00:00,95.03333333333333,Percent
2021-09-02 08:45:00+00:00,95.98846705109828,Percent
2021-09-02 09:38:00+00:00,19.465693381997568,Percent
2021-09-01 16:15:00+00:00,95.65159419323655,Percent
2021-09-01 17:08:00+00:00,3.8418587596046465,Percent
2021-09-01 18:35:00+00:00,94.92341794303428,Percent
2021-09-01 19:28:00+00:00,5.925,Percent
2021-09-02 01:43:00+00:00,93.81353954868172,Percent
2021-09-02 02:36:00+00:00,93.71458097206481,Percent
2021-09-02 13:31:00+00:00,93.0401159980667,Percent
2021-09-02 04:03:00+00:00,95.05516482783906,Percent
2021-09-02 04:56:00+00:00,94.76666666666667,Percent
2021-09-02 13:29:00+00:00,8.23292168724897,Percent
2021-09-01 14:42:00+00:00,95.56666666666666,Percent
2021-09-02 11:56:00+00:00,95.82659710995183,Percent
2021-09-02 01:35:00+00:00,95.15198986734218,Percent
2021-09-02 02:28:00+00:00,12.367285030918213,Percent
2021-09-02 13:23:00+00:00,96.27691487234185,Percent
2021-09-01 23:17:00+00:00,96.08493474891249,Percent
2021-09-02 00:10:00+00:00,96.12852690698799,Percent
2021-09-02 11:03:00+00:00,94.37861440261321,Percent
2021-09-01 18:33:00+00:00,94.26304648565763,Percent
2021-09-01 19:26:00+00:00,95.27301820121342,Percent
2021-09-02 04:46:00+00:00,94.23695481892572,Percent
2021-09-02 04:11:00+00:00,95.76152538417946,Percent
2021-09-02 09:30:00+00:00,96.39006016566391,Percent
2021-09-02 00:02:00+00:00,96.2682711378523,Percent
2021-09-02 08:53:00+00:00,95.5647043136209,Percent
2021-09-01 16:23:00+00:00,96.919897329911,Percent
2021-09-01 19:20:00+00:00,95.35476773838691,Percent
2021-09-02 13:39:00+00:00,8.4,Percent
2021-09-02 00:06:00+00:00,96.625,Percent
2021-09-01 14:05:00+00:00,93.90520315989467,Percent
2021-09-01 23:29:00+00:00,22.500750025000833,Percent
2021-09-01 17:00:00+00:00,93.36666666666666,Percent
2021-09-02 01:51:00+00:00,94.66982232741091,Percent
2021-09-02 04:48:00+00:00,15.333588893148221,Percent
2021-09-02 11:11:00+00:00,95.5301489950335,Percent
2021-09-02 02:20:00+00:00,94.14843085948567,Percent
2021-09-02 08:49:00+00:00,13.225220420340339,Percent
2021-09-01 18:43:00+00:00,95.2484125264579,Percent
2021-09-02 04:09:00+00:00,17.491375143747604,Percent
2021-09-01 14:34:00+00:00,94.49639148624098,Percent
2021-09-02 09:26:00+00:00,96.49005849902501,Percent
2021-09-01 23:25:00+00:00,97.06181357598787,Percent
2021-09-02 11:48:00+00:00,21.141666666666666,Percent
2021-09-02 01:06:00+00:00,95.36984566152205,Percent
2021-09-01 15:38:00+00:00,2.4501225061253065,Percent
2021-09-01 14:45:00+00:00,92.55833333333334,Percent
2021-09-01 18:17:00+00:00,94.66148871629055,Percent
2021-09-02 04:19:00+00:00,17.24942501916603,Percent
2021-09-02 05:12:00+00:00,95.1650805819903,Percent
2021-09-02 00:47:00+00:00,95.6849280821347,Percent
2021-09-02 01:40:00+00:00,92.25833333333333,Percent
2021-09-02 13:13:00+00:00,96.19742718123042,Percent
2021-09-02 09:41:00+00:00,95.82854190623802,Percent
2021-09-02 10:34:00+00:00,95.67854940586304,Percent
2021-09-02 00:13:00+00:00,96.90161502691711,Percent
2021-09-02 13:47:00+00:00,93.96823280388006,Percent
2021-09-01 14:30:00+00:00,91.93026899103364,Percent
2021-09-02 10:15:00+00:00,94.20519316022799,Percent
2021-09-02 11:08:00+00:00,20.642010700178336,Percent
2021-09-01 23:50:00+00:00,96.23012566247792,Percent
2021-09-01 22:57:00+00:00,93.78854038198726,Percent
2021-09-02 09:33:00+00:00,97.00509983000566,Percent
2021-09-02 10:26:00+00:00,94.425,Percent
2021-09-01 19:10:00+00:00,95.0,Percent
2021-09-01 18:51:00+00:00,95.48174197096715,Percent
2021-09-01 19:44:00+00:00,95.09166666666665,Percent
2021-09-01 16:12:00+00:00,96.2503124739605,Percent
2021-09-01 15:19:00+00:00,29.22451292478458,Percent
2021-09-02 03:53:00+00:00,95.76826280438009,Percent
2021-09-02 00:21:00+00:00,96.03493391556526,Percent
2021-09-02 01:32:00+00:00,95.12658544309072,Percent
2021-09-02 05:04:00+00:00,94.26823780396339,Percent
2021-09-02 13:55:00+00:00,94.99008349860836,Percent
2021-09-02 10:23:00+00:00,94.57184760507984,Percent
2021-09-02 00:55:00+00:00,95.425,Percent
2021-09-01 15:30:00+00:00,94.39842669288845,Percent
2021-09-02 09:49:00+00:00,11.891864864414408,Percent
2021-09-02 11:00:00+00:00,94.3484275262079,Percent
2021-09-01 23:13:00+00:00,96.80833333333332,Percent
2021-09-02 04:30:00+00:00,93.52709819345377,Percent
2021-09-02 00:58:00+00:00,11.391666666666667,Percent
2021-09-02 13:50:00+00:00,95.53688982217555,Percent
2021-09-02 10:18:00+00:00,20.1506716890563,Percent
2021-09-01 14:14:00+00:00,93.49166666666666,Percent
2021-09-02 10:52:00+00:00,96.2217926069131,Percent
2021-09-01 14:53:00+00:00,94.975,Percent
2021-09-01 19:36:00+00:00,96.0650655822403,Percent
2021-09-01 16:04:00+00:00,97.0650489158514,Percent
2021-09-02 04:27:00+00:00,94.68648954965164,Percent
2021-09-02 09:10:00+00:00,96.49678344055198,Percent
2021-09-01 18:59:00+00:00,25.807903201613307,Percent
2021-09-01 15:27:00+00:00,94.64008933184446,Percent
2021-09-02 08:33:00+00:00,96.09679677344089,Percent
2021-09-02 10:31:00+00:00,94.1614720490683,Percent
2021-09-02 11:24:00+00:00,95.09483649454981,Percent
2021-09-01 18:54:00+00:00,95.44840919318013,Percent
2021-09-01 18:01:00+00:00,95.38810273847025,Percent
2021-09-01 15:22:00+00:00,95.1865062168739,Percent
2021-09-01 14:29:00+00:00,30.174497091715136,Percent
2021-09-02 00:50:00+00:00,95.38848705043164,Percent
2021-09-01 23:57:00+00:00,94.75631708780585,Percent
2021-09-01 19:07:00+00:00,95.39999999999999,Percent
2021-09-01 20:00:00+00:00,95.65159419323655,Percent
2021-09-01 15:35:00+00:00,96.89166666666667,Percent
2021-09-01 16:28:00+00:00,3.283388056467608,Percent
2021-09-02 03:21:00+00:00,95.58333333333333,Percent
2021-09-02 04:14:00+00:00,95.86986232874429,Percent
2021-09-01 23:49:00+00:00,21.993132875525035,Percent
2021-09-02 00:42:00+00:00,95.35158919315322,Percent
2021-09-02 01:56:00+00:00,94.3031434381146,Percent
2021-09-02 04:35:00+00:00,95.81666666666668,Percent
2021-09-02 05:28:00+00:00,15.75754545606053,Percent
2021-09-02 01:03:00+00:00,93.75520815972801,Percent
2021-09-02 09:17:00+00:00,96.67822260742025,Percent
2021-09-02 10:10:00+00:00,94.64166666666667,Percent
2021-09-01 23:34:00+00:00,96.41827363789396,Percent
2021-09-01 22:41:00+00:00,94.61464097606506,Percent
2021-09-02 08:54:00+00:00,95.55037080243312,Percent
2021-09-02 11:16:00+00:00,94.14999999999999,Percent
2021-09-02 10:39:00+00:00,11.475,Percent
2021-09-01 14:37:00+00:00,95.76507058215697,Percent
2021-09-01 19:23:00+00:00,95.36108241410336,Percent
2021-09-01 15:51:00+00:00,96.76666666666667,Percent
2021-09-01 15:14:00+00:00,95.84840252662455,Percent
2021-09-02 03:37:00+00:00,94.89999999999999,Percent
2021-09-02 00:05:00+00:00,97.19838002699954,Percent
2021-09-02 00:34:00+00:00,95.15792982748562,Percent
2021-09-02 12:57:00+00:00,95.64840585990234,Percent
2021-09-02 09:25:00+00:00,96.73172113798103,Percent
2021-09-01 19:52:00+00:00,96.2900618323028,Percent
2021-09-01 19:15:00+00:00,94.27657127618794,Percent
2021-09-01 15:43:00+00:00,96.92661544359072,Percent
2021-09-02 05:20:00+00:00,94.51869875341643,Percent
2021-09-02 01:48:00+00:00,11.949601679944003,Percent
2021-09-02 08:17:00+00:00,94.26666666666667,Percent
2021-09-01 16:20:00+00:00,95.83527764815679,Percent
2021-09-02 01:11:00+00:00,95.4464389886161,Percent
2021-09-02 04:43:00+00:00,94.5599093318222,Percent
2021-09-02 13:34:00+00:00,94.42342627622872,Percent
2021-09-02 10:02:00+00:00,94.70517649411686,Percent
2021-09-02 01:04:00+00:00,94.60630708713913,Percent
2021-09-01 22:25:00+00:00,94.93175113748104,Percent
2021-09-01 17:07:00+00:00,95.83687482292551,Percent
2021-09-01 15:21:00+00:00,95.04841585973567,Percent
2021-09-02 12:37:00+00:00,96.04486816227208,Percent
2021-09-02 06:26:00+00:00,94.5468484383854,Percent
2021-09-02 08:12:00+00:00,93.2651122481292,Percent
2021-09-02 00:15:00+00:00,97.13333333333334,Percent
2021-09-01 22:29:00+00:00,22.926528435229013,Percent
2021-09-01 18:34:00+00:00,95.23015899470018,Percent
2021-09-01 20:20:00+00:00,95.40159002650044,Percent
2021-09-02 12:33:00+00:00,96.5096509650965,Percent
2021-09-02 05:29:00+00:00,16.117741182745515,Percent
2021-09-02 07:15:00+00:00,94.32814427147571,Percent
2021-09-02 10:28:00+00:00,19.95033250554176,Percent
2021-09-02 08:42:00+00:00,96.46856876208253,Percent
2021-09-02 00:45:00+00:00,95.45833333333333,Percent
2021-09-02 02:31:00+00:00,91.75833333333333,Percent
2021-09-02 08:01:00+00:00,95.24007933201112,Percent
2021-09-02 12:44:00+00:00,95.348410859819,Percent
2021-09-02 10:58:00+00:00,20.967016116935284,Percent
2021-09-02 00:57:00+00:00,95.9765996099935,Percent
2021-09-02 02:43:00+00:00,94.68333333333332,Percent
2021-09-02 10:21:00+00:00,95.35356565505057,Percent
2021-09-01 20:13:00+00:00,95.9234012766454,Percent
2021-09-01 21:59:00+00:00,23.27577585919531,Percent
2021-09-02 03:20:00+00:00,95.20317343911464,Percent
2021-09-02 01:34:00+00:00,94.59166666666665,Percent
2021-09-01 18:30:00+00:00,94.48648288276274,Percent
2021-09-01 17:53:00+00:00,94.70157835963931,Percent
2021-09-01 22:36:00+00:00,94.93491558192636,Percent
2021-09-01 20:50:00+00:00,95.96826613776896,Percent
2021-09-02 08:38:00+00:00,18.96666666666667,Percent
2021-09-01 23:06:00+00:00,96.63655455181839,Percent
2021-09-02 00:52:00+00:00,95.95513482883904,Percent
2021-09-01 14:51:00+00:00,94.34009433176114,Percent
2021-09-02 04:59:00+00:00,16.14166666666667,Percent
2021-09-02 13:14:00+00:00,96.71423332110827,Percent
2021-09-01 15:28:00+00:00,2.2583709728495474,Percent
2021-09-02 12:07:00+00:00,96.76505391576808,Percent
2021-09-02 05:36:00+00:00,95.35197653489767,Percent
2021-09-02 06:06:00+00:00,93.78333333333332,Percent
2021-09-01 23:02:00+00:00,95.16150538351278,Percent
2021-09-02 07:35:00+00:00,94.90991516525276,Percent
2021-09-02 07:33:00+00:00,95.23174613756437,Percent
2021-09-02 01:22:00+00:00,95.95673405443242,Percent
2021-09-01 17:25:00+00:00,94.73649121637388,Percent
2021-09-02 13:10:00+00:00,97.00833333333333,Percent
2021-09-02 06:08:00+00:00,15.85833333333333,Percent
2021-09-01 22:11:00+00:00,95.21309398803274,Percent
2021-09-01 16:00:00+00:00,96.79166666666666,Percent
2021-09-01 15:58:00+00:00,2.8249999999999997,Percent
2021-09-02 01:24:00+00:00,95.43333333333334,Percent
2021-09-01 17:27:00+00:00,94.71035264315712,Percent
2021-09-02 12:19:00+00:00,9.71682861381023,Percent
2021-09-01 17:21:00+00:00,95.76507058215697,Percent
2021-09-02 03:40:00+00:00,95.62340627656206,Percent
2021-09-01 19:43:00+00:00,96.03973598239882,Percent
2021-09-02 07:29:00+00:00,14.24119196026799,Percent
2021-09-02 00:25:00+00:00,96.13493558225971,Percent
2021-09-02 09:51:00+00:00,95.65159419323655,Percent
2021-09-01 18:16:00+00:00,95.2329360780065,Percent
2021-09-02 08:24:00+00:00,96.69005516574724,Percent
2021-09-02 00:27:00+00:00,95.125,Percent
2021-09-01 15:48:00+00:00,2.641622639622673,Percent
2021-09-02 10:40:00+00:00,95.61985399513317,Percent
2021-09-01 20:30:00+00:00,93.96666666666665,Percent
2021-09-02 05:56:00+00:00,94.67815593853128,Percent
2021-09-01 19:55:00+00:00,96.18493641560693,Percent
2021-09-02 03:38:00+00:00,13.316888614810246,Percent
2021-09-02 03:03:00+00:00,94.11666666666667,Percent
2021-09-01 20:32:00+00:00,93.12655210920181,Percent
2021-09-02 03:01:00+00:00,95.12658544309072,Percent
2021-09-01 22:48:00+00:00,8.983632787759591,Percent
2021-09-02 05:17:00+00:00,95.57659294321572,Percent
2021-09-01 15:09:00+00:00,29.91517090812126,Percent
2021-09-01 18:04:00+00:00,95.21190607136309,Percent
2021-09-02 12:56:00+00:00,95.82145773955364,Percent
2021-09-01 15:46:00+00:00,96.53844871837605,Percent
2021-09-02 10:38:00+00:00,20.499316689443685,Percent
2021-09-01 15:11:00+00:00,95.16467764517634,Percent
2021-09-02 03:34:00+00:00,95.09166666666665,Percent
2021-09-02 10:03:00+00:00,93.675,Percent
2021-09-02 10:01:00+00:00,95.73989162150896,Percent
2021-09-02 02:57:00+00:00,94.9281642721424,Percent
2021-09-02 05:54:00+00:00,95.3067448875852,Percent
2021-09-01 19:53:00+00:00,96.50994183236388,Percent
2021-09-02 05:19:00+00:00,16.216936948949147,Percent
2021-09-01 16:50:00+00:00,96.10480524026201,Percent
2021-09-02 09:56:00+00:00,95.64326072101201,Percent
2021-09-02 13:28:00+00:00,22.813656519854632,Percent
2021-09-02 05:31:00+00:00,95.14325238753979,Percent
2021-09-02 01:59:00+00:00,18.84198069967833,Percent
2021-09-02 13:09:00+00:00,9.258487641460691,Percent
2021-09-02 06:58:00+00:00,16.525550851695055,Percent
2021-09-01 23:01:00+00:00,94.72342127631207,Percent
2021-09-02 04:57:00+00:00,94.55157585959766,Percent
2021-09-01 21:53:00+00:00,94.506300420028,Percent
2021-09-01 14:49:00+00:00,29.74950417493042,Percent
2021-09-01 23:20:00+00:00,96.35993933232221,Percent
2021-09-01 19:48:00+00:00,6.424785840471984,Percent
2021-09-01 15:23:00+00:00,95.1682528042134,Percent
2021-09-02 12:01:00+00:00,95.78847371754274,Percent
2021-09-02 01:36:00+00:00,93.68801773422004,Percent
2021-09-01 22:04:00+00:00,94.28019066031132,Percent
2021-09-01 17:39:00+00:00,27.108785146419105,Percent
2021-09-01 14:07:00+00:00,95.14166666666668,Percent
2021-09-02 08:06:00+00:00,94.22342960950651,Percent
2021-09-01 19:06:00+00:00,94.86666666666666,Percent
2021-09-02 12:12:00+00:00,96.98681732580039,Percent
2021-09-02 04:15:00+00:00,95.18532097860142,Percent
2021-09-02 07:47:00+00:00,93.91302898478257,Percent
2021-09-02 01:02:00+00:00,94.47860940286319,Percent
2021-09-01 17:58:00+00:00,3.8000633343889065,Percent
2021-09-02 03:52:00+00:00,94.4682411373523,Percent
2021-09-02 00:20:00+00:00,93.86615551295941,Percent
2021-09-02 09:14:00+00:00,95.65956595659566,Percent
2021-09-02 00:59:00+00:00,20.133668894481573,Percent
2021-09-01 21:27:00+00:00,93.73489558159302,Percent
2021-09-02 08:37:00+00:00,96.10512982900569,Percent
2021-09-01 18:29:00+00:00,26.974999999999998,Percent
2021-09-02 11:35:00+00:00,94.5047252362618,Percent
2021-09-02 10:53:00+00:00,95.96346788440385,Percent
2021-09-01 15:26:00+00:00,95.16150538351278,Percent
2021-09-01 20:45:00+00:00,96.19166666666666,Percent
2021-09-02 05:34:00+00:00,94.84166666666665,Percent
2021-09-01 22:30:00+00:00,93.67656127602126,Percent
2021-09-01 21:22:00+00:00,94.77815927197572,Percent
2021-09-02 13:51:00+00:00,94.55315177172574,Percent
2021-09-02 11:30:00+00:00,94.53490891514858,Percent
2021-09-02 03:15:00+00:00,94.41666666666667,Percent
2021-09-01 23:43:00+00:00,96.0,Percent
2021-09-02 13:46:00+00:00,93.28488808146801,Percent
2021-09-02 05:49:00+00:00,15.265903371498089,Percent
2021-09-02 06:40:00+00:00,94.19843002616624,Percent
2021-09-02 09:19:00+00:00,12.78397253195993,Percent
2021-09-01 16:49:00+00:00,27.70046167436124,Percent
2021-09-02 03:08:00+00:00,13.541892364872748,Percent
2021-09-01 22:43:00+00:00,94.61666666666667,Percent
2021-09-01 19:11:00+00:00,95.00833333333333,Percent
2021-09-01 16:32:00+00:00,96.33302775231269,Percent
2021-09-02 12:38:00+00:00,22.658333333333335,Percent
2021-09-01 23:38:00+00:00,10.066666666666666,Percent
2021-09-01 15:41:00+00:00,96.30993849897497,Percent
2021-09-02 08:05:00+00:00,94.89324822080368,Percent
2021-09-02 01:54:00+00:00,94.84841919301344,Percent
2021-09-01 17:57:00+00:00,95.82020898955052,Percent
2021-09-01 18:48:00+00:00,5.441848061602053,Percent
2021-09-01 15:16:00+00:00,95.10991849864163,Percent
2021-09-02 06:57:00+00:00,94.55360565305067,Percent
2021-09-01 23:53:00+00:00,95.34085417673427,Percent
2021-09-02 12:51:00+00:00,96.01666666666667,Percent
2021-09-02 09:29:00+00:00,12.566457225712904,Percent
2021-09-01 14:02:00+00:00,95.54007433209446,Percent
2021-09-02 02:25:00+00:00,94.3900934984417,Percent
2021-09-02 08:19:00+00:00,13.483558059300988,Percent
2021-09-01 19:21:00+00:00,94.79008683188613,Percent
2021-09-02 04:47:00+00:00,93.76666666666667,Percent
2021-09-02 04:10:00+00:00,94.78175363743938,Percent
2021-09-02 08:56:00+00:00,97.225,Percent
2021-09-01 19:58:00+00:00,6.566776112935216,Percent
2021-09-02 05:24:00+00:00,95.2297614880744,Percent
2021-09-02 01:17:00+00:00,94.68175530407825,Percent
2021-09-01 18:11:00+00:00,94.1817636372727,Percent
2021-09-02 10:06:00+00:00,95.00158335972266,Percent
2021-09-01 14:39:00+00:00,30.341160980650322,Percent
2021-09-02 03:02:00+00:00,94.88850371654279,Percent
2021-09-01 20:27:00+00:00,95.63173947100881,Percent
2021-09-01 16:55:00+00:00,94.70157835963931,Percent
2021-09-01 16:18:00+00:00,3.200053334222237,Percent
2021-09-02 10:35:00+00:00,95.52499999999999,Percent
2021-09-02 07:03:00+00:00,94.68175530407825,Percent
2021-09-01 17:32:00+00:00,94.58288190682556,Percent
2021-09-01 21:04:00+00:00,94.13176447059216,Percent
2021-09-02 03:33:00+00:00,95.53492558209302,Percent
2021-09-02 11:12:00+00:00,94.42814760492017,Percent
2021-09-02 07:40:00+00:00,93.40311343711457,Percent
2021-09-02 02:16:00+00:00,93.87187093763542,Percent
2021-09-01 17:26:00+00:00,95.33174447092547,Percent
2021-09-02 11:25:00+00:00,92.40987349789164,Percent
2021-09-02 13:11:00+00:00,96.9817169713838,Percent
2021-09-02 01:57:00+00:00,94.05990099834997,Percent
2021-09-02 03:43:00+00:00,94.54166666666666,Percent
2021-09-02 07:34:00+00:00,94.37657294288238,Percent
2021-09-02 11:44:00+00:00,93.58333333333333,Percent
2021-09-01 21:36:00+00:00,95.47977398869943,Percent
2021-09-02 02:01:00+00:00,94.08490141502358,Percent
2021-09-01 23:03:00+00:00,95.2,Percent
2021-09-01 21:17:00+00:00,94.78692732030065,Percent
2021-09-02 09:16:00+00:00,96.675,Percent
2021-09-02 07:30:00+00:00,95.33492224870415,Percent
2021-09-02 10:43:00+00:00,94.83333333333333,Percent
2021-09-02 01:53:00+00:00,94.81465431028735,Percent
2021-09-01 20:35:00+00:00,94.51981732724424,Percent
2021-09-01 22:06:00+00:00,94.788507049765,Percent
2021-09-01 15:55:00+00:00,95.1547577378869,Percent
2021-09-01 17:22:00+00:00,95.68847705076497,Percent
2021-09-01 19:08:00+00:00,5.191666666666666,Percent
2021-09-02 12:14:00+00:00,96.04006599890002,Percent
2021-09-02 06:03:00+00:00,93.20579265752329,Percent
2021-09-02 13:19:00+00:00,8.825,Percent
2021-09-02 11:33:00+00:00,94.6936870875275,Percent
2021-09-01 23:11:00+00:00,96.88682232555038,Percent
2021-09-01 16:40:00+00:00,96.77661294354905,Percent
2021-09-02 01:31:00+00:00,94.66982232741091,Percent
2021-09-01 23:48:00+00:00,10.2829905669811,Percent
2021-09-01 22:02:00+00:00,95.14642398786606,Percent
2021-09-02 06:53:00+00:00,94.84597946392853,Percent
2021-09-02 08:39:00+00:00,13.008333333333333,Percent
2021-09-01 21:25:00+00:00,94.2432373872898,Percent
2021-09-02 02:08:00+00:00,12.441666666666665,Percent
2021-09-02 12:10:00+00:00,96.89999999999999,Percent
2021-09-02 13:56:00+00:00,93.94479815993867,Percent
2021-09-02 02:38:00+00:00,12.591876531275522,Percent
2021-09-02 11:29:00+00:00,9.991999733324445,Percent
2021-09-02 06:11:00+00:00,95.0,Percent
2021-09-01 23:40:00+00:00,94.78692732030065,Percent
2021-09-01 21:54:00+00:00,94.78017399420018,Percent
2021-09-02 12:06:00+00:00,96.975,Percent
2021-09-02 06:48:00+00:00,16.708054865752235,Percent
2021-09-01 21:58:00+00:00,8.216666666666667,Percent
2021-09-01 21:21:00+00:00,93.36355454818172,Percent
2021-09-01 16:03:00+00:00,97.27662127702128,Percent
2021-09-02 00:12:00+00:00,96.40994016566943,Percent
2021-09-02 02:34:00+00:00,93.35311177039235,Percent
2021-09-02 11:07:00+00:00,95.9234012766454,Percent
2021-09-01 20:57:00+00:00,93.20833333333333,Percent
2021-09-02 08:47:00+00:00,97.0914242853571,Percent
2021-09-01 16:17:00+00:00,95.96666666666665,Percent
2021-09-02 12:02:00+00:00,96.58655288509617,Percent
2021-09-01 18:39:00+00:00,26.666222229629504,Percent
2021-09-01 20:59:00+00:00,24.392886310982213,Percent
2021-09-02 06:25:00+00:00,91.77194093530215,Percent
2021-09-01 20:53:00+00:00,95.18016066131128,Percent
2021-09-02 07:12:00+00:00,95.00833333333333,Percent
2021-09-01 17:04:00+00:00,94.03019899336688,Percent
2021-09-02 02:30:00+00:00,92.98023399220025,Percent
2021-09-01 17:02:00+00:00,95.64485482849429,Percent
2021-09-02 11:01:00+00:00,95.45674238762686,Percent
2021-09-01 18:31:00+00:00,93.52499999999999,Percent
2021-09-01 14:44:00+00:00,95.0869123210506,Percent
2021-09-02 01:39:00+00:00,19.36731224374146,Percent
2021-09-01 16:13:00+00:00,94.84008599856669,Percent
2021-09-02 11:05:00+00:00,95.14841419309678,Percent
2021-09-02 04:52:00+00:00,94.88491474857913,Percent
2021-09-02 06:21:00+00:00,95.34166666666667,Percent
2021-09-01 21:07:00+00:00,95.5015916931949,Percent
2021-09-02 06:33:00+00:00,93.20988683144718,Percent
2021-09-01 14:36:00+00:00,93.46144871495716,Percent
2021-09-01 16:58:00+00:00,3.4750000000000005,Percent
2021-09-02 01:49:00+00:00,19.1823742146226,Percent
2021-09-02 11:15:00+00:00,95.17975898794938,Percent
2021-09-01 21:44:00+00:00,95.0702464876756,Percent
2021-09-02 07:10:00+00:00,94.29842835952735,Percent
2021-09-02 06:35:00+00:00,94.20833333333333,Percent
2021-09-02 02:26:00+00:00,94.49324155402589,Percent
2021-09-02 11:52:00+00:00,95.13333333333334,Percent
2021-09-01 16:25:00+00:00,96.38172697121713,Percent
2021-09-01 19:16:00+00:00,95.19166666666666,Percent
2021-09-02 04:07:00+00:00,94.225,Percent
2021-09-02 07:02:00+00:00,94.7182453040884,Percent
2021-09-02 09:24:00+00:00,96.2266037767296,Percent
2021-09-01 16:54:00+00:00,94.36509391510141,Percent
2021-09-01 16:21:00+00:00,97.23981598773251,Percent
2021-09-02 04:44:00+00:00,94.98333333333332,Percent
2021-09-02 07:06:00+00:00,94.7182453040884,Percent
2021-09-02 06:29:00+00:00,15.23333333333333,Percent
2021-09-01 18:36:00+00:00,94.85474273713686,Percent
2021-09-02 11:42:00+00:00,93.41510974817086,Percent
2021-09-02 08:10:00+00:00,93.8151030816153,Percent
2021-09-02 12:16:00+00:00,97.01181607586287,Percent
2021-09-02 08:44:00+00:00,96.12980649032451,Percent
2021-09-01 22:08:00+00:00,8.225411270563528,Percent
2021-09-02 03:11:00+00:00,93.99010016499724,Percent
2021-09-01 16:35:00+00:00,97.01990066335544,Percent
2021-09-01 21:34:00+00:00,94.4468517716076,Percent
2021-09-01 18:02:00+00:00,94.4067598873352,Percent
2021-09-02 06:43:00+00:00,94.18490308171803,Percent
2021-09-02 02:29:00+00:00,18.700311671861197,Percent
2021-09-01 15:53:00+00:00,96.80994683244721,Percent
2021-09-02 13:24:00+00:00,95.68811773922029,Percent
2021-09-01 16:27:00+00:00,96.40482024101205,Percent
2021-09-02 06:01:00+00:00,94.76307148690768,Percent
2021-09-01 21:49:00+00:00,23.542843808857107,Percent
2021-09-02 01:21:00+00:00,95.48333333333332,Percent
2021-09-01 23:16:00+00:00,96.46666666666665,Percent
2021-09-02 02:48:00+00:00,12.950215836930614,Percent
2021-09-02 11:57:00+00:00,94.57657627627127,Percent
2021-09-01 20:49:00+00:00,25.18291361810637,Percent
2021-09-01 17:17:00+00:00,93.66301648415754,Percent
2021-09-02 02:06:00+00:00,94.48175863735604,Percent
2021-09-01 22:34:00+00:00,93.93696981817575,Percent
2021-09-02 10:57:00+00:00,95.05674905418243,Percent
2021-09-02 07:25:00+00:00,94.53490891514858,Percent
2021-09-01 17:54:00+00:00,94.56193856973817,Percent
2021-09-02 11:34:00+00:00,94.27657127618794,Percent
2021-09-02 08:02:00+00:00,95.825,Percent
2021-09-01 21:26:00+00:00,94.89999999999999,Percent
2021-09-01 17:12:00+00:00,94.325,Percent
2021-09-01 22:31:00+00:00,95.93686982317551,Percent
2021-09-02 02:03:00+00:00,94.28961930795387,Percent
2021-09-02 07:20:00+00:00,95.2,Percent
2021-09-02 03:48:00+00:00,14.358094031766136,Percent
2021-09-02 12:39:00+00:00,9.625160419340324,Percent
2021-09-01 21:57:00+00:00,95.1202439878006,Percent
2021-09-01 23:08:00+00:00,9.549840835986068,Percent
2021-09-02 12:42:00+00:00,96.20993683228053,Percent
2021-09-02 12:05:00+00:00,94.96508391526808,Percent
2021-09-02 13:16:00+00:00,97.09166666666665,Percent
2021-09-02 01:29:00+00:00,20.041332644455927,Percent
2021-09-02 02:40:00+00:00,94.36194856923821,Percent
2021-09-01 22:26:00+00:00,95.84840252662455,Percent
2021-09-02 01:58:00+00:00,12.007933068897703,Percent
2021-09-02 07:52:00+00:00,94.6,Percent
2021-09-02 04:20:00+00:00,95.58333333333333,Percent
2021-09-02 12:34:00+00:00,96.19166666666666,Percent
2021-09-02 07:01:00+00:00,94.84798986599107,Percent
2021-09-02 13:48:00+00:00,23.06628222862952,Percent
2021-09-01 20:25:00+00:00,96.33333333333333,Percent
2021-09-02 03:12:00+00:00,93.6385453818206,Percent
2021-09-01 17:44:00+00:00,94.01509974833752,Percent
2021-09-01 14:12:00+00:00,91.37652294204904,Percent
2021-09-02 10:33:00+00:00,94.75473773688684,Percent
2021-09-01 22:39:00+00:00,22.564786267811012,Percent
2021-09-02 12:47:00+00:00,96.85994766579444,Percent
2021-09-01 16:45:00+00:00,95.65355065580054,Percent
2021-09-01 20:17:00+00:00,94.71149038301276,Percent
2021-09-02 02:11:00+00:00,94.45361065280069,Percent
2021-09-01 16:30:00+00:00,96.04806987132476,Percent
2021-09-01 21:31:00+00:00,94.51194106961319,Percent
2021-09-01 17:59:00+00:00,26.582890285161913,Percent
2021-09-02 06:38:00+00:00,16.76638722687955,Percent
2021-09-02 03:06:00+00:00,93.50677488708521,Percent
2021-09-02 11:39:00+00:00,10.115992267182188,Percent
2021-09-02 08:07:00+00:00,93.33699981667584,Percent
2021-09-01 16:59:00+00:00,27.96666666666667,Percent
2021-09-01 22:16:00+00:00,94.0880377352201,Percent
2021-09-01 18:44:00+00:00,94.76508724854585,Percent
2021-09-02 03:35:00+00:00,94.95833333333333,Percent
2021-09-02 07:07:00+00:00,95.86347121762608,Percent
2021-09-01 14:04:00+00:00,94.91508474858752,Percent
2021-09-02 04:12:00+00:00,94.575,Percent
2021-09-02 07:44:00+00:00,94.6317561373977,Percent
2021-09-01 17:36:00+00:00,95.73492891548192,Percent
2021-09-01 17:30:00+00:00,93.43901585237785,Percent
2021-09-01 21:02:00+00:00,94.43805523609514,Percent
2021-09-02 05:53:00+00:00,94.4968501049965,Percent
2021-09-02 02:21:00+00:00,94.6515775262921,Percent
2021-09-02 11:47:00+00:00,93.338000233345,Percent
2021-09-01 16:53:00+00:00,95.1682528042134,Percent
2021-09-02 11:10:00+00:00,94.19480649354978,Percent
2021-09-02 07:38:00+00:00,17.77440751974934,Percent
2021-09-02 06:30:00+00:00,95.0115003833461,Percent
2021-09-02 02:58:00+00:00,12.88376279209307,Percent
2021-09-02 12:24:00+00:00,95.81152705090169,Percent
2021-09-02 08:52:00+00:00,96.29679010699643,Percent
2021-09-01 16:22:00+00:00,96.88171863802269,Percent
2021-09-02 08:15:00+00:00,94.6515775262921,Percent
2021-09-01 15:45:00+00:00,96.42982149107455,Percent
2021-09-01 21:39:00+00:00,23.58372639543992,Percent
2021-09-01 18:07:00+00:00,94.93491558192636,Percent
2021-09-02 03:09:00+00:00,17.291666666666664,Percent
2021-09-02 04:02:00+00:00,95.29007849869168,Percent
2021-09-02 04:55:00+00:00,95.47659127652126,Percent
2021-09-02 05:48:00+00:00,16.20968414034503,Percent
2021-09-01 20:05:00+00:00,96.52660877681295,Percent
2021-09-01 20:58:00+00:00,7.324755841471952,Percent
2021-09-01 21:51:00+00:00,95.86152871762393,Percent
2021-09-01 22:44:00+00:00,95.14999999999999,Percent
2021-09-02 07:53:00+00:00,95.64485482849429,Percent
2021-09-02 08:46:00+00:00,96.97848440911287,Percent
2021-09-02 09:39:00+00:00,12.425414180472682,Percent
2021-09-02 10:32:00+00:00,95.2369048214256,Percent
2021-09-01 20:54:00+00:00,95.84166666666667,Percent
2021-09-01 21:47:00+00:00,94.94841752637457,Percent
2021-09-01 22:40:00+00:00,93.35833333333333,Percent
2021-09-02 07:11:00+00:00,94.44324072067867,Percent
2021-09-02 08:04:00+00:00,95.78333333333333,Percent
2021-09-02 05:25:00+00:00,94.73333333333333,Percent
2021-09-02 06:18:00+00:00,16.108333333333334,Percent
2021-09-01 20:01:00+00:00,96.56988566285543,Percent
2021-09-01 15:36:00+00:00,95.99840002666622,Percent
2021-09-01 14:43:00+00:00,94.63491058184303,Percent
2021-09-01 23:10:00+00:00,97.01828363806064,Percent
2021-09-01 18:26:00+00:00,94.5864862162072,Percent
2021-09-02 08:00:00+00:00,94.44324072067867,Percent
2021-09-02 06:14:00+00:00,94.77342044299262,Percent
2021-09-02 00:56:00+00:00,94.9817503041616,Percent
2021-09-02 13:22:00+00:00,96.78655955198506,Percent
2021-09-02 12:45:00+00:00,96.81828030467175,Percent
2021-09-02 07:27:00+00:00,94.74166666666666,Percent
2021-09-02 05:41:00+00:00,95.27499999999999,Percent
2021-09-02 05:37:00+00:00,95.1547577378869,Percent
2021-09-02 07:23:00+00:00,95.42818093936465,Percent
2021-09-02 00:19:00+00:00,21.306912872475166,Percent
2021-09-01 22:33:00+00:00,95.51666666666668,Percent
2021-09-01 20:12:00+00:00,95.87146023967865,Percent
2021-09-01 17:49:00+00:00,27.44120931317811,Percent
2021-09-01 19:35:00+00:00,94.475,Percent
2021-09-01 22:07:00+00:00,94.48333333333332,Percent
2021-09-01 23:00:00+00:00,94.19166666666666,Percent
2021-09-02 09:55:00+00:00,94.43537097526831,Percent
2021-09-02 10:48:00+00:00,20.617353911797057,Percent
2021-09-01 19:49:00+00:00,25.325844194806496,Percent
2021-09-01 20:42:00+00:00,94.68806773672017,Percent
2021-09-02 08:30:00+00:00,94.78175363743938,Percent
2021-09-02 07:37:00+00:00,95.4464389886161,Percent
2021-09-02 03:46:00+00:00,94.26666666666667,Percent
2021-09-02 02:53:00+00:00,94.69324488741478,Percent
2021-09-02 12:13:00+00:00,94.9432490541509,Percent
2021-09-02 13:06:00+00:00,95.35992266537777,Percent
2021-09-02 05:09:00+00:00,16.2247295878402,Percent
2021-09-02 06:02:00+00:00,93.95,Percent
2021-09-01 22:03:00+00:00,94.625,Percent
2021-09-01 22:56:00+00:00,94.27499999999999,Percent
2021-09-01 14:59:00+00:00,29.232358921369286,Percent
2021-09-01 15:52:00+00:00,96.86666666666666,Percent
2021-09-01 19:45:00+00:00,95.25872843929673,Percent
2021-09-01 20:38:00+00:00,7.208813920928062,Percent
2021-09-02 05:11:00+00:00,94.85991433190553,Percent
2021-09-02 06:04:00+00:00,93.84792319487966,Percent
2021-09-01 22:17:00+00:00,95.85,Percent
2021-09-02 07:43:00+00:00,93.96303148490759,Percent
2021-09-01 18:10:00+00:00,93.15465773288665,Percent
2021-09-01 17:33:00+00:00,94.96350121662611,Percent
2021-09-02 05:21:00+00:00,95.46628885740478,Percent
2021-09-01 15:15:00+00:00,95.2349205820097,Percent
2021-09-02 12:29:00+00:00,9.808169863835603,Percent
2021-09-02 05:58:00+00:00,16.191126962434584,Percent
2021-09-01 22:54:00+00:00,95.52340794320095,Percent
2021-09-02 08:20:00+00:00,95.47022648867556,Percent
2021-09-01 22:19:00+00:00,23.117437247908263,Percent
2021-09-02 08:14:00+00:00,94.66666666666666,Percent
2021-09-02 07:39:00+00:00,13.591666666666665,Percent
2021-09-02 00:35:00+00:00,95.33333333333333,Percent
2021-09-02 03:30:00+00:00,94.44324072067867,Percent
2021-09-01 20:26:00+00:00,96.43815524109539,Percent
2021-09-01 19:51:00+00:00,96.81478765251016,Percent
2021-09-02 01:12:00+00:00,94.82859190373814,Percent
2021-09-01 20:28:00+00:00,7.033333333333332,Percent
2021-09-02 08:16:00+00:00,95.09008183196946,Percent
2021-09-01 19:29:00+00:00,25.4,Percent
2021-09-01 20:22:00+00:00,96.7567207213213,Percent
2021-09-01 18:21:00+00:00,93.83333333333333,Percent
2021-09-01 19:14:00+00:00,95.39999999999999,Percent
2021-09-02 07:55:00+00:00,95.23650788359612,Percent
2021-09-02 08:48:00+00:00,19.08269724342522,Percent
2021-09-01 21:45:00+00:00,93.92343460942317,Percent
2021-09-01 22:38:00+00:00,8.883481391356522,Percent
2021-09-02 07:32:00+00:00,95.55674072098797,Percent
2021-09-02 10:11:00+00:00,93.2,Percent
2021-09-02 06:39:00+00:00,14.19190319838664,Percent
2021-09-02 03:41:00+00:00,93.794793159772,Percent
2021-09-02 04:34:00+00:00,93.60677322044633,Percent
2021-09-01 20:37:00+00:00,95.60195986934204,Percent
2021-09-01 21:30:00+00:00,93.36144538151271,Percent
2021-09-02 11:04:00+00:00,93.7296864843242,Percent
2021-09-02 13:43:00+00:00,94.05,Percent
2021-09-02 06:50:00+00:00,94.6051798273391,Percent
2021-09-01 22:35:00+00:00,93.76666666666667,Percent
2021-09-01 19:03:00+00:00,95.22182593913536,Percent
2021-09-01 15:31:00+00:00,93.85156419273655,Percent
2021-09-02 13:54:00+00:00,94.98491641527359,Percent
2021-09-01 19:40:00+00:00,95.59681343955202,Percent
2021-09-01 16:08:00+00:00,2.8332388920369325,Percent
2021-09-02 05:42:00+00:00,95.68811773922029,Percent
2021-09-02 05:05:00+00:00,95.725,Percent
2021-09-01 22:01:00+00:00,94.15156919281988,Percent
2021-09-01 23:12:00+00:00,96.71316899178292,Percent
2021-09-01 18:58:00+00:00,5.558333333333333,Percent
2021-09-02 07:21:00+00:00,95.25674572090465,Percent
2021-09-02 08:32:00+00:00,95.39325655427591,Percent
2021-09-02 05:00:00+00:00,94.50518316056132,Percent
2021-09-02 01:28:00+00:00,11.74186236437274,Percent
2021-09-02 04:23:00+00:00,95.1884937168761,Percent
2021-09-02 00:51:00+00:00,95.53651788392946,Percent
2021-09-01 21:19:00+00:00,24.183736395606594,Percent
2021-09-02 13:17:00+00:00,96.855104829839,Percent
2021-09-02 06:13:00+00:00,94.94683510549649,Percent
2021-09-01 21:56:00+00:00,94.46148204940165,Percent
2021-09-02 07:58:00+00:00,18.017267242241406,Percent
2021-09-01 20:21:00+00:00,96.89005183246947,Percent
2021-09-01 21:14:00+00:00,94.93649788326277,Percent
2021-09-01 21:35:00+00:00,94.6265771096185,Percent
2021-09-01 22:28:00+00:00,8.716376120795974,Percent
2021-09-02 08:11:00+00:00,94.53490891514858,Percent
2021-09-02 09:04:00+00:00,96.59839002683289,Percent
2021-09-01 19:13:00+00:00,95.1301623279224,Percent
2021-09-01 20:06:00+00:00,95.995200239988,Percent
2021-09-02 04:39:00+00:00,16.133064448925854,Percent
2021-09-02 05:32:00+00:00,93.98333333333332,Percent
2021-09-02 01:07:00+00:00,95.74326238770645,Percent
2021-09-02 02:00:00+00:00,92.67869939836342,Percent
2021-09-02 04:33:00+00:00,95.35,Percent
2021-09-02 05:26:00+00:00,94.6,Percent
2021-09-02 11:20:00+00:00,94.92974648732437,Percent
2021-09-02 13:59:00+00:00,8.233058898036733,Percent
2021-09-01 21:29:00+00:00,23.873806309684518,Percent
2021-09-01 22:22:00+00:00,94.82658044300739,Percent
2021-09-02 06:55:00+00:00,94.09843169280512,Percent
2021-09-02 07:48:00+00:00,17.591666666666665,Percent
2021-09-02 10:27:00+00:00,95.06666666666666,Percent
2021-09-02 03:25:00+00:00,94.3,Percent
2021-09-02 04:18:00+00:00,14.041900698344973,Percent
2021-09-01 14:08:00+00:00,1.1083148614189764,Percent
2021-09-01 19:56:00+00:00,96.19006349894168,Percent
2021-09-01 23:28:00+00:00,9.849835836069397,Percent
2021-09-02 05:57:00+00:00,95.48174197096715,Percent
2021-09-01 16:24:00+00:00,96.77499999999999,Percent
2021-09-01 19:19:00+00:00,25.206652889807348,Percent
2021-09-01 15:47:00+00:00,97.14999999999999,Percent
2021-09-02 07:42:00+00:00,94.14999999999999,Percent
2021-09-02 13:01:00+00:00,96.19358709419373,Percent
2021-09-02 04:49:00+00:00,16.541390976817052,Percent
2021-09-02 13:38:00+00:00,23.32461125647906,Percent
2021-09-02 06:34:00+00:00,94.35833333333333,Percent
2021-09-01 18:05:00+00:00,95.0765846097435,Percent
2021-09-01 19:50:00+00:00,96.08013066231126,Percent
2021-09-02 05:16:00+00:00,94.9380802373452,Percent
2021-09-02 01:44:00+00:00,93.99479982666088,Percent
2021-09-01 22:12:00+00:00,94.59166666666665,Percent
2021-09-01 22:51:00+00:00,94.91350288323721,Percent
2021-09-01 18:42:00+00:00,94.91666666666667,Percent
2021-09-02 07:05:00+00:00,95.45,Percent
2021-09-02 00:30:00+00:00,94.92658210970183,Percent
2021-09-01 23:37:00+00:00,95.5317411376477,Percent
2021-09-01 19:46:00+00:00,96.31635969664138,Percent
2021-09-01 20:39:00+00:00,25.12625631281564,Percent
2021-09-01 21:32:00+00:00,95.2297614880744,Percent
2021-09-01 18:53:00+00:00,94.04166666666666,Percent
2021-09-02 08:27:00+00:00,96.25864511290726,Percent
2021-09-02 09:20:00+00:00,96.07339877668706,Percent
2021-09-02 04:21:00+00:00,95.02816760558686,Percent
2021-09-02 05:14:00+00:00,95.19841335977733,Percent
2021-09-02 06:07:00+00:00,94.63333333333334,Percent
2021-09-02 07:00:00+00:00,93.92394093923942,Percent
2021-09-01 14:24:00+00:00,94.08696231855073,Percent
2021-09-02 13:41:00+00:00,93.02034898255087,Percent
2021-09-02 08:57:00+00:00,95.83333333333333,Percent
2021-09-02 09:50:00+00:00,95.13491891531527,Percent
2021-09-01 22:59:00+00:00,22.224999999999998,Percent
2021-09-01 23:52:00+00:00,94.88491474857913,Percent
2021-09-02 05:10:00+00:00,94.89641148724102,Percent
2021-09-02 04:17:00+00:00,95.52181593946868,Percent
2021-09-01 21:24:00+00:00,95.23333333333333,Percent
2021-09-01 19:38:00+00:00,6.258437640627344,Percent
2021-09-02 06:15:00+00:00,93.5796789839492,Percent
2021-09-02 04:29:00+00:00,17.108333333333334,Percent
2021-09-02 09:12:00+00:00,95.57181427285757,Percent
2021-09-02 08:35:00+00:00,94.60675655405743,Percent
2021-09-01 14:54:00+00:00,93.68489474824581,Percent
2021-09-02 05:06:00+00:00,94.56509058182364,Percent
2021-09-02 13:57:00+00:00,96.1,Percent
2021-09-02 09:13:00+00:00,95.61862542497167,Percent
2021-09-02 06:52:00+00:00,94.88059726365258,Percent
2021-09-01 19:34:00+00:00,94.45,Percent
2021-09-01 14:16:00+00:00,94.04480149338312,Percent
2021-09-01 18:57:00+00:00,94.42342627622872,Percent
2021-09-02 13:49:00+00:00,8.466666666666667,Percent
2021-09-01 20:47:00+00:00,96.0,Percent
2021-09-01 19:01:00+00:00,94.87658127635461,Percent
2021-09-01 23:44:00+00:00,96.16506391560141,Percent
2021-09-02 13:53:00+00:00,95.70992849880832,Percent
2021-09-01 23:07:00+00:00,96.18173030449492,Percent
2021-09-01 14:17:00+00:00,93.39688677044099,Percent
2021-09-01 19:30:00+00:00,96.02820094003133,Percent
2021-09-02 04:54:00+00:00,96.03493391556526,Percent
2021-09-02 04:01:00+00:00,95.21468097873192,Percent
2021-09-02 07:16:00+00:00,93.52709819345377,Percent
2021-09-02 06:23:00+00:00,94.96149871662388,Percent
2021-09-01 23:21:00+00:00,96.21025264982335,Percent
2021-09-02 04:05:00+00:00,95.76507058215697,Percent
2021-09-02 04:58:00+00:00,15.191160294656845,Percent
2021-09-01 18:37:00+00:00,95.4436370908606,Percent
2021-09-01 14:48:00+00:00,1.650082504125206,Percent
2021-09-02 00:14:00+00:00,96.43333333333334,Percent
2021-09-01 23:15:00+00:00,96.98494974916248,Percent
2021-09-02 00:08:00+00:00,10.475174586243103,Percent
2021-09-02 08:41:00+00:00,96.2714802406787,Percent
2021-09-02 09:34:00+00:00,97.11828530475508,Percent
2021-09-02 03:57:00+00:00,94.81307398703268,Percent
2021-09-02 04:50:00+00:00,95.68333333333334,Percent
2021-09-02 08:43:00+00:00,95.80993016550276,Percent
2021-09-02 09:36:00+00:00,96.35672738787687,Percent
2021-09-02 13:25:00+00:00,95.19524023798809,Percent
2021-09-01 20:55:00+00:00,95.15317177239241,Percent
2021-09-01 21:48:00+00:00,7.9832002799953345,Percent
2021-09-01 18:45:00+00:00,95.35158919315322,Percent
2021-09-02 07:08:00+00:00,17.216666666666665,Percent
2021-09-02 13:37:00+00:00,95.10674822086298,Percent
2021-09-01 14:38:00+00:00,1.4750491683056102,Percent
2021-09-02 09:28:00+00:00,19.583659727662127,Percent
2021-09-01 14:01:00+00:00,95.51825863764395,Percent
2021-09-02 04:13:00+00:00,95.19682677244091,Percent
2021-09-01 14:40:00+00:00,93.49688343721876,Percent
2021-09-01 14:03:00+00:00,94.24480816027202,Percent
2021-09-01 19:22:00+00:00,95.88333333333334,Percent
2021-09-02 04:42:00+00:00,93.76354121529282,Percent
2021-09-01 18:41:00+00:00,94.76824613743563,Percent
2021-09-02 13:33:00+00:00,92.75309176972566,Percent
2021-09-01 14:32:00+00:00,94.17656960949348,Percent
2021-09-01 23:58:00+00:00,10.383506391773196,Percent
2021-09-01 23:23:00+00:00,93.82135773455339,Percent
2021-09-01 19:18:00+00:00,5.916863895463182,Percent
2021-09-01 21:40:00+00:00,94.06353121562614,Percent
2021-09-02 06:31:00+00:00,94.375,Percent
2021-09-01 21:03:00+00:00,95.75159585993099,Percent
2021-09-02 00:00:00+00:00,95.10833333333332,Percent
2021-09-02 08:51:00+00:00,95.93333333333334,Percent
2021-09-01 15:04:00+00:00,94.14323572059534,Percent
2021-09-01 14:11:00+00:00,94.53851538282056,Percent
2021-09-02 04:38:00+00:00,15.008083198613356,Percent
2021-09-02 03:45:00+00:00,94.43601753537912,Percent
2021-09-01 23:39:00+00:00,21.825727524250805,Percent
2021-09-02 00:32:00+00:00,95.18333333333332,Percent
2021-09-01 20:07:00+00:00,95.6746395532961,Percent
2021-09-01 21:00:00+00:00,94.71193107011317,Percent
2021-09-01 20:18:00+00:00,6.749662516874157,Percent
2021-09-01 19:25:00+00:00,96.26506224896252,Percent
2021-09-02 08:59:00+00:00,12.907687948935886,Percent
2021-09-02 09:52:00+00:00,95.11508141530975,Percent
2021-09-01 20:52:00+00:00,96.01153371779058,Percent
2021-09-01 23:31:00+00:00,95.07142023767855,Percent
2021-09-02 00:24:00+00:00,96.375,Percent
2021-09-01 19:59:00+00:00,23.674210859638013,Percent
2021-09-02 13:05:00+00:00,94.50675822069631,Percent
2021-09-02 13:58:00+00:00,23.4,Percent
2021-09-02 08:25:00+00:00,96.35,Percent
2021-09-02 09:18:00+00:00,19.374354188193728,Percent
2021-09-02 04:53:00+00:00,95.19524023798809,Percent
2021-09-02 05:46:00+00:00,95.02816760558686,Percent
2021-09-02 05:27:00+00:00,94.575,Percent
2021-09-02 06:20:00+00:00,94.13333333333334,Percent
2021-09-02 05:38:00+00:00,15.999733337777702,Percent
2021-09-01 14:19:00+00:00,30.482825286245227,Percent
2021-09-01 19:02:00+00:00,95.73173780436993,Percent
2021-09-01 14:22:00+00:00,93.34633398336584,Percent
2021-09-01 19:41:00+00:00,96.63494391573192,Percent
2021-09-01 14:56:00+00:00,93.96666666666665,Percent
2021-09-01 23:47:00+00:00,96.57821927397579,Percent
2021-09-01 20:15:00+00:00,95.98846705109828,Percent
2021-09-02 13:21:00+00:00,95.99006683221947,Percent
2021-09-02 09:07:00+00:00,96.14006433226113,Percent
2021-09-02 05:35:00+00:00,96.01986732891096,Percent
2021-09-01 23:05:00+00:00,96.58172363793936,Percent
2021-09-02 00:16:00+00:00,96.78655955198506,Percent
2021-09-01 19:33:00+00:00,96.248395860069,Percent
2021-09-01 20:44:00+00:00,96.0817319711338,Percent
2021-09-01 18:25:00+00:00,93.54688177060765,Percent
2021-09-01 20:10:00+00:00,95.8718042731909,Percent
2021-09-01 23:42:00+00:00,95.9781992733091,Percent
2021-09-02 05:01:00+00:00,94.67973398669933,Percent
2021-09-02 09:44:00+00:00,93.42866190023832,Percent
2021-09-02 06:12:00+00:00,94.65833333333333,Percent
2021-09-01 23:55:00+00:00,96.93171780470325,Percent
2021-09-02 00:48:00+00:00,11.099815003083283,Percent
2021-09-01 20:23:00+00:00,96.55994266571109,Percent
2021-09-01 21:16:00+00:00,95.14483816127203,Percent
2021-09-02 08:09:00+00:00,12.95,Percent
2021-09-02 09:02:00+00:00,97.35833333333333,Percent
2021-09-02 04:37:00+00:00,94.55833333333334,Percent
2021-09-02 05:30:00+00:00,94.93850204993167,Percent
2021-09-02 03:29:00+00:00,17.740483967735486,Percent
2021-09-02 04:22:00+00:00,96.11666666666666,Percent
2021-09-02 09:23:00+00:00,96.39166666666667,Percent
2021-09-02 10:16:00+00:00,94.743245720762,Percent
2021-09-02 05:51:00+00:00,93.61301398403253,Percent
2021-09-02 06:44:00+00:00,94.65473273663682,Percent
2021-09-02 12:49:00+00:00,9.475,Percent
2021-09-02 13:42:00+00:00,94.12970648532428,Percent
2021-09-02 06:36:00+00:00,94.825,Percent
2021-09-02 09:15:00+00:00,96.95510149661678,Percent
2021-09-02 10:08:00+00:00,19.800330005500093,Percent
2021-09-02 05:43:00+00:00,95.55674072098797,Percent
2021-09-01 14:06:00+00:00,93.91979732657755,Percent
2021-09-01 19:09:00+00:00,25.599573340444326,Percent
2021-09-01 14:27:00+00:00,95.38015399486683,Percent
2021-09-01 15:20:00+00:00,94.59842335961068,Percent
2021-09-01 20:02:00+00:00,96.83171947134214,Percent
2021-09-01 20:31:00+00:00,94.63648788292943,Percent
2021-09-02 00:03:00+00:00,96.45672572123797,Percent
2021-09-02 05:22:00+00:00,95.46825780429674,Percent
2021-09-02 04:45:00+00:00,94.27657127618794,Percent
2021-09-01 15:12:00+00:00,93.65677238712688,Percent
2021-09-01 18:09:00+00:00,26.981534564362374,Percent
2021-09-02 05:59:00+00:00,15.350767538376918,Percent
2021-09-01 18:46:00+00:00,94.56824280404673,Percent
2021-09-02 00:40:00+00:00,95.19682677244091,Percent
2021-09-01 21:08:00+00:00,7.400123335388923,Percent
2021-09-02 09:31:00+00:00,96.71666666666665,Percent
2021-09-02 10:00:00+00:00,93.25591856455026,Percent
2021-09-02 06:28:00+00:00,15.916401393310112,Percent
2021-09-02 04:06:00+00:00,95.9515991933199,Percent
2021-09-01 14:35:00+00:00,93.94530273486326,Percent
2021-09-01 23:26:00+00:00,96.87151024217876,Percent
2021-09-01 19:54:00+00:00,95.0051664944502,Percent
2021-09-01 22:49:00+00:00,22.6829552840786,Percent
2021-09-01 19:17:00+00:00,94.42185260491317,Percent
2021-09-02 00:11:00+00:00,96.33172780453658,Percent
2021-09-01 23:18:00+00:00,9.683171947134214,Percent
2021-09-01 16:14:00+00:00,94.52296819787986,Percent
2021-09-01 18:00:00+00:00,94.74842085965234,Percent
2021-09-02 13:30:00+00:00,92.89690343655211,Percent
2021-09-02 07:19:00+00:00,14.25047501583386,Percent
2021-09-02 05:33:00+00:00,94.7150880818653,Percent
2021-09-01 23:22:00+00:00,95.27499999999999,Percent
2021-09-02 01:08:00+00:00,11.516858614310237,Percent
2021-09-01 19:27:00+00:00,94.4036131526757,Percent
2021-09-01 17:41:00+00:00,95.88013732875571,Percent
2021-09-02 13:26:00+00:00,95.33810023834523,Percent
2021-09-02 06:22:00+00:00,94.09009849835836,Percent
2021-09-02 08:08:00+00:00,17.867560044668902,Percent
2021-09-02 09:35:00+00:00,96.2,Percent
2021-09-02 07:49:00+00:00,14.10856847614127,Percent
2021-09-02 01:38:00+00:00,11.992266279980665,Percent
2021-09-02 03:24:00+00:00,94.99483316110536,Percent
2021-09-01 14:55:00+00:00,94.90833333333332,Percent
2021-09-02 09:47:00+00:00,96.05160086001433,Percent
2021-09-02 05:40:00+00:00,94.8150864152264,Percent
2021-09-02 05:03:00+00:00,95.55992599876664,Percent
2021-09-02 03:17:00+00:00,95.3,Percent
2021-09-01 20:16:00+00:00,96.1532051068369,Percent
2021-09-01 19:39:00+00:00,26.059201973399116,Percent
2021-09-02 03:54:00+00:00,95.38174363760604,Percent
2021-09-01 15:32:00+00:00,94.24009599840002,Percent
2021-09-02 10:24:00+00:00,95.7265954432574,Percent
2021-09-01 21:55:00+00:00,94.58333333333333,Percent
2021-09-01 20:09:00+00:00,25.327110592549378,Percent
2021-09-01 17:48:00+00:00,4.433555011083887,Percent
2021-09-01 16:02:00+00:00,95.67818927297577,Percent
2021-09-02 10:54:00+00:00,95.4714402386786,Percent
2021-09-02 12:40:00+00:00,95.67854940586304,Percent
2021-09-01 17:11:00+00:00,95.29007849869168,Percent
2021-09-01 15:25:00+00:00,93.76354121529282,Percent
2021-09-02 10:17:00+00:00,94.30833333333334,Percent
2021-09-02 12:03:00+00:00,96.65994433240554,Percent
2021-09-02 03:13:00+00:00,95.58137209147276,Percent
2021-09-02 06:10:00+00:00,95.95833333333333,Percent
2021-09-02 07:56:00+00:00,94.16823613726895,Percent
2021-09-02 03:50:00+00:00,95.56985232841095,Percent
2021-09-01 22:32:00+00:00,94.94483149438314,Percent
2021-09-01 20:46:00+00:00,96.10833333333332,Percent
2021-09-02 05:13:00+00:00,95.45833333333333,Percent
2021-09-01 22:09:00+00:00,23.408333333333335,Percent
2021-09-02 08:28:00+00:00,18.475923796189807,Percent
2021-09-02 08:26:00+00:00,97.30833333333332,Percent
2021-09-02 00:29:00+00:00,20.732642245258493,Percent
2021-09-01 18:18:00+00:00,4.933168894370188,Percent
2021-09-02 12:17:00+00:00,95.99006683221947,Percent
2021-09-02 05:15:00+00:00,94.53851538282056,Percent
2021-09-01 23:04:00+00:00,96.45833333333333,Percent
2021-09-02 00:31:00+00:00,93.96353454884837,Percent
2021-09-01 15:05:00+00:00,94.66508891518474,Percent
2021-09-01 18:20:00+00:00,94.20833333333333,Percent
2021-09-02 13:12:00+00:00,96.29679010699643,Percent
2021-09-01 18:14:00+00:00,95.89805987065805,Percent
2021-09-02 02:47:00+00:00,93.01298398253245,Percent
2021-09-01 20:36:00+00:00,95.63847871737609,Percent
2021-09-02 08:22:00+00:00,94.8448281609387,Percent
2021-09-02 01:18:00+00:00,11.625,Percent
2021-09-02 10:44:00+00:00,95.60992683211387,Percent
2021-09-01 17:23:00+00:00,95.36469097939863,Percent
2021-09-02 07:31:00+00:00,94.39323988733146,Percent
2021-09-02 01:20:00+00:00,93.91823197053283,Percent
2021-09-02 03:36:00+00:00,95.33333333333333,Percent
2021-09-02 10:05:00+00:00,93.98176697055048,Percent
2021-09-02 02:59:00+00:00,18.43333333333333,Percent
2021-09-01 22:52:00+00:00,94.36666666666666,Percent
2021-09-02 10:42:00+00:00,95.56507391543474,Percent
2021-09-02 00:41:00+00:00,95.59485316177206,Percent
2021-09-02 10:07:00+00:00,94.075,Percent
2021-09-01 17:37:00+00:00,96.29839502674956,Percent
2021-09-01 20:34:00+00:00,94.06353121562614,Percent
2021-09-01 19:57:00+00:00,95.68333333333334,Percent
2021-09-02 07:45:00+00:00,94.62184593846872,Percent
2021-09-01 15:44:00+00:00,96.93333333333334,Percent
2021-09-01 22:13:00+00:00,95.50992516541942,Percent
2021-09-01 15:07:00+00:00,95.12459371614301,Percent
2021-09-02 05:52:00+00:00,94.02499999999999,Percent
2021-09-02 12:21:00+00:00,96.16506391560141,Percent
2021-09-01 22:15:00+00:00,92.68024399186694,Percent
2021-09-02 13:00:00+00:00,96.05673238779353,Percent
2021-09-02 12:58:00+00:00,22.641666666666666,Percent
2021-09-02 12:23:00+00:00,96.15673072115464,Percent
2021-09-01 22:50:00+00:00,95.58333333333333,Percent
2021-09-01 15:57:00+00:00,96.19166666666666,Percent
2021-09-02 12:35:00+00:00,96.7,Percent
2021-09-02 06:24:00+00:00,94.96508391526808,Percent
2021-09-02 09:03:00+00:00,95.4698489949665,Percent
2021-09-02 02:52:00+00:00,94.96666666666665,Percent
2021-09-02 06:05:00+00:00,93.95313177105903,Percent
2021-09-01 23:54:00+00:00,96.39779300228368,Percent
2021-09-01 22:46:00+00:00,94.54166666666666,Percent
2021-09-01 15:42:00+00:00,96.53683982467543,Percent
2021-09-01 22:27:00+00:00,95.99326655444257,Percent
2021-09-01 18:55:00+00:00,95.2035731546756,Percent
2021-09-01 16:16:00+00:00,96.73172113798103,Percent
2021-09-02 12:54:00+00:00,96.18846038465384,Percent
2021-09-02 05:50:00+00:00,94.74008766520558,Percent
2021-09-02 00:43:00+00:00,93.19844669255512,Percent
2021-09-01 21:11:00+00:00,93.06666666666666,Percent
2021-09-01 18:32:00+00:00,93.91197106811326,Percent
2021-09-01 15:00:00+00:00,95.01825030417173,Percent
2021-09-02 07:13:00+00:00,94.86666666666666,Percent
2021-09-01 18:13:00+00:00,94.73894712283567,Percent
2021-09-02 08:40:00+00:00,96.44839252679122,Percent
2021-09-02 11:19:00+00:00,10.499650011666278,Percent
2021-09-02 05:08:00+00:00,15.341155294823503,Percent
2021-09-02 00:09:00+00:00,21.391666666666666,Percent
2021-09-01 17:05:00+00:00,94.54324238737313,Percent
2021-09-02 10:22:00+00:00,95.56151871729057,Percent
2021-09-02 03:18:00+00:00,13.733791126370878,Percent
2021-09-01 20:14:00+00:00,96.35833333333333,Percent
2021-09-01 19:37:00+00:00,95.74840419326345,Percent
2021-09-01 20:48:00+00:00,7.391666666666667,Percent
2021-09-01 17:16:00+00:00,94.94799653310221,Percent
2021-09-02 04:31:00+00:00,95.07300486699113,Percent
2021-09-02 08:03:00+00:00,94.0,Percent
2021-09-02 02:10:00+00:00,94.13647121570719,Percent
2021-09-02 01:33:00+00:00,93.34844419259679,Percent
2021-09-02 03:49:00+00:00,17.86636889385177,Percent
2021-09-01 20:11:00+00:00,96.39327322122035,Percent
2021-09-01 16:39:00+00:00,28.816666666666666,Percent
2021-09-02 09:45:00+00:00,97.225,Percent
2021-09-02 10:56:00+00:00,95.47659127652126,Percent
2021-09-01 14:18:00+00:00,1.125018750312505,Percent
2021-09-02 02:41:00+00:00,94.06980232674421,Percent
2021-09-02 07:24:00+00:00,95.47855940536306,Percent
2021-09-02 10:19:00+00:00,11.225187086451442,Percent
2021-09-02 06:47:00+00:00,95.45159085984767,Percent
2021-09-02 04:26:00+00:00,94.98850038332054,Percent
2021-09-01 15:39:00+00:00,29.51568281057298,Percent
2021-09-02 12:53:00+00:00,96.16987232907763,Percent
2021-09-02 06:42:00+00:00,93.49532523373831,Percent
2021-09-02 05:47:00+00:00,94.3301889937002,Percent
2021-09-01 17:42:00+00:00,94.98016732775574,Percent
2021-09-02 02:15:00+00:00,94.47342544290929,Percent
2021-09-01 23:36:00+00:00,96.54488482949431,Percent
2021-09-01 20:04:00+00:00,96.78682732530041,Percent
2021-09-01 22:45:00+00:00,94.69842169297178,Percent
2021-09-01 16:34:00+00:00,96.91156371879063,Percent
2021-09-02 08:58:00+00:00,19.166666666666668,Percent
2021-09-02 01:01:00+00:00,95.18809273797022,Percent
2021-09-01 18:50:00+00:00,96.10160169336156,Percent
2021-09-01 17:55:00+00:00,94.5047252362618,Percent
2021-09-01 14:23:00+00:00,94.2650955817403,Percent
2021-09-02 07:50:00+00:00,94.82025898705064,Percent
2021-09-02 13:44:00+00:00,93.68021065964469,Percent
2021-09-02 00:46:00+00:00,94.87183760541316,Percent
2021-09-02 10:12:00+00:00,93.70520982633911,Percent
2021-09-02 11:51:00+00:00,95.3265887764796,Percent
2021-09-01 21:06:00+00:00,95.301588359806,Percent
2021-09-02 01:52:00+00:00,95.1369098211756,Percent
2021-09-02 08:21:00+00:00,95.05158419306989,Percent
2021-09-01 22:20:00+00:00,95.24325405423424,Percent
2021-09-02 01:15:00+00:00,95.14483816127203,Percent
2021-09-01 21:43:00+00:00,95.17142523792856,Percent
2021-09-02 12:28:00+00:00,22.599999999999998,Percent
2021-09-02 03:31:00+00:00,93.51822530375506,Percent
2021-09-01 14:33:00+00:00,94.13019566014466,Percent
2021-09-01 23:59:00+00:00,21.207979867002216,Percent
2021-09-02 12:22:00+00:00,95.72340460992318,Percent
2021-09-02 05:18:00+00:00,15.68254920587304,Percent
2021-09-02 11:45:00+00:00,94.61666666666667,Percent
2021-09-02 04:41:00+00:00,94.00470023501175,Percent
2021-09-01 21:37:00+00:00,94.47027648617568,Percent
2021-09-01 14:00:00+00:00,93.75520815972801,Percent
2021-09-01 20:29:00+00:00,24.84083863871204,Percent
2021-09-02 11:14:00+00:00,94.58018066064464,Percent
2021-09-01 22:14:00+00:00,94.85517149428352,Percent
2021-09-02 04:08:00+00:00,14.750491683056103,Percent
2021-09-02 10:37:00+00:00,95.8432640544009,Percent
2021-09-01 15:10:00+00:00,93.76510391493476,Percent
2021-09-02 00:36:00+00:00,94.28333333333332,Percent
2021-09-02 06:41:00+00:00,93.9765662761046,Percent
2021-09-02 01:23:00+00:00,94.41981399379979,Percent
2021-09-01 16:33:00+00:00,96.53523098460103,Percent
2021-09-02 12:18:00+00:00,22.39241308043601,Percent
2021-09-02 02:50:00+00:00,93.8984350260829,Percent
2021-09-01 14:28:00+00:00,1.3750229170486175,Percent
2021-09-02 10:51:00+00:00,95.99840002666622,Percent
2021-09-02 02:54:00+00:00,94.41666666666667,Percent
2021-09-01 22:10:00+00:00,93.58542763815746,Percent
2021-09-01 23:56:00+00:00,96.75510816306124,Percent
2021-09-02 06:37:00+00:00,93.2348872481208,Percent
2021-09-02 08:23:00+00:00,96.0,Percent
2021-09-02 02:46:00+00:00,94.47027648617568,Percent
2021-09-01 21:28:00+00:00,7.708333333333334,Percent
2021-09-01 21:13:00+00:00,94.64008933184446,Percent
2021-09-01 16:48:00+00:00,3.6331516757495455,Percent
2021-09-02 04:36:00+00:00,93.44478149271642,Percent
2021-09-01 18:15:00+00:00,95.69007183213614,Percent
2021-09-01 16:29:00+00:00,28.874518758020695,Percent
2021-09-02 11:21:00+00:00,94.93175113748104,Percent
2021-09-02 06:56:00+00:00,94.68648954965164,Percent
2021-09-01 16:41:00+00:00,97.10509649678343,Percent
2021-09-01 14:20:00+00:00,94.69842169297178,Percent
2021-09-02 07:26:00+00:00,94.44009266512224,Percent
2021-09-02 06:49:00+00:00,14.791913198553308,Percent
2021-09-02 04:28:00+00:00,14.882837238758707,Percent
2021-09-02 02:42:00+00:00,93.78645954865162,Percent
2021-09-01 20:51:00+00:00,95.77180760641312,Percent
2021-09-02 11:36:00+00:00,94.89683677210759,Percent
2021-09-02 10:59:00+00:00,10.966666666666665,Percent
2021-09-01 17:18:00+00:00,4.033333333333333,Percent
2021-09-02 02:09:00+00:00,19.033650560842677,Percent
2021-09-01 18:23:00+00:00,93.625,Percent
2021-09-01 21:20:00+00:00,94.00676655389076,Percent
2021-09-01 16:37:00+00:00,96.64166666666668,Percent
2021-09-01 20:43:00+00:00,96.3,Percent
2021-09-02 06:45:00+00:00,94.67184427185761,Percent
2021-09-02 08:31:00+00:00,93.23177947034216,Percent
2021-09-02 11:28:00+00:00,21.124295856804775,Percent
2021-09-01 17:14:00+00:00,94.04009933167781,Percent
2021-09-02 03:51:00+00:00,95.74680843971868,Percent
2021-09-02 02:05:00+00:00,95.34325572092868,Percent
2021-09-02 07:22:00+00:00,95.5734071098815,Percent
2021-09-02 09:08:00+00:00,19.17563918797293,Percent
2021-09-01 19:00:00+00:00,93.5265587759796,Percent
2021-09-01 23:19:00+00:00,22.075,Percent
2021-09-02 01:41:00+00:00,93.93696981817575,Percent
2021-09-02 12:00:00+00:00,94.47185093830205,Percent
2021-09-02 13:27:00+00:00,93.43964540425247,Percent
2021-09-01 21:50:00+00:00,95.0869123210506,Percent
2021-09-02 09:40:00+00:00,95.76985899529984,Percent
2021-09-01 17:10:00+00:00,94.43333333333334,Percent
2021-09-02 11:09:00+00:00,10.7996400119996,Percent
2021-09-01 19:32:00+00:00,95.68811773922029,Percent
2021-09-01 21:52:00+00:00,96.10352815692549,Percent
2021-09-02 07:18:00+00:00,16.241125295823473,Percent
2021-09-01 21:46:00+00:00,94.39638648599096,Percent
2021-09-02 06:19:00+00:00,15.383589726495442,Percent
2021-09-01 16:11:00+00:00,96.89651149224127,Percent
2021-09-01 16:09:00+00:00,29.083333333333332,Percent
2021-09-02 11:54:00+00:00,96.2217926069131,Percent
2021-09-01 19:24:00+00:00,95.6989247311828,Percent
2021-09-01 17:06:00+00:00,95.2448414947165,Percent
2021-09-02 02:32:00+00:00,93.39166666666667,Percent
2021-09-02 11:58:00+00:00,21.616666666666667,Percent
2021-09-02 01:37:00+00:00,94.81192607036314,Percent
2021-09-02 03:59:00+00:00,17.041098630045663,Percent
2021-09-02 07:14:00+00:00,95.08016399453352,Percent
2021-09-01 21:42:00+00:00,94.90516982767241,Percent
2021-09-02 00:04:00+00:00,96.36827280454673,Percent
2021-09-01 23:27:00+00:00,97.01666666666667,Percent
2021-09-02 02:24:00+00:00,92.34782318821256,Percent
2021-09-02 11:50:00+00:00,95.29841169313846,Percent
2021-09-01 18:47:00+00:00,93.42866190023832,Percent
2021-09-01 21:09:00+00:00,24.541666666666664,Percent
2021-09-02 09:32:00+00:00,96.25320844028134,Percent
2021-09-02 08:55:00+00:00,96.83978931928795,Percent
2021-09-02 11:17:00+00:00,95.29007849869168,Percent
2021-09-01 16:19:00+00:00,28.799999999999997,Percent
2021-09-02 01:45:00+00:00,93.25155419256987,Percent
2021-09-01 21:38:00+00:00,7.700385019250963,Percent
2021-09-02 07:04:00+00:00,95.70992849880832,Percent
2021-09-01 21:01:00+00:00,94.94841752637457,Percent
2021-09-02 06:27:00+00:00,94.54796986465763,Percent
2021-09-02 11:46:00+00:00,93.6869823175508,Percent
2021-09-02 01:47:00+00:00,93.1213227328033,Percent
2021-09-02 11:13:00+00:00,95.10674822086298,Percent
2021-09-02 13:35:00+00:00,94.18333333333332,Percent
2021-09-01 21:05:00+00:00,94.17862440211323,Percent
2021-09-01 16:56:00+00:00,94.29009516508057,Percent
2021-09-02 02:22:00+00:00,93.71510474825419,Percent
2021-09-01 17:43:00+00:00,95.83138875925061,Percent
2021-09-02 10:49:00+00:00,11.183146947550876,Percent
2021-09-02 07:17:00+00:00,95.73297774814567,Percent
2021-09-02 11:23:00+00:00,94.03019899336688,Percent
2021-09-02 07:51:00+00:00,95.14166666666668,Percent
2021-09-01 21:15:00+00:00,94.12029398530073,Percent
2021-09-02 04:04:00+00:00,94.52499999999999,Percent
2021-09-01 17:28:00+00:00,4.033400556675945,Percent
2021-09-01 20:41:00+00:00,96.08686232355049,Percent
2021-09-01 17:09:00+00:00,27.841666666666665,Percent
2021-09-02 07:36:00+00:00,95.68014399520017,Percent
2021-09-02 03:22:00+00:00,94.71868542097194,Percent
2021-09-01 16:46:00+00:00,96.20320677355912,Percent
2021-09-02 12:31:00+00:00,97.00509983000566,Percent
2021-09-01 17:20:00+00:00,95.60992683211387,Percent
2021-09-02 06:54:00+00:00,95.2484125264579,Percent
2021-09-02 02:14:00+00:00,95.06308648765771,Percent
2021-09-01 22:42:00+00:00,93.675,Percent
2021-09-02 01:55:00+00:00,94.53018232725576,Percent
2021-09-01 22:23:00+00:00,95.81506974883752,Percent
2021-09-02 12:50:00+00:00,96.54166666666667,Percent
2021-09-02 08:36:00+00:00,95.36151205040167,Percent
2021-09-01 22:00:00+00:00,94.06196356848824,Percent
2021-09-01 18:28:00+00:00,4.95,Percent
2021-09-01 21:23:00+00:00,95.94840085998567,Percent
2021-09-01 17:51:00+00:00,96.2682711378523,Percent
2021-09-02 12:08:00+00:00,21.95073169105637,Percent
2021-09-02 06:17:00+00:00,94.91508474858752,Percent
2021-09-02 02:45:00+00:00,93.84166666666665,Percent
2021-09-02 03:56:00+00:00,94.4036131526757,Percent
2021-09-02 07:28:00+00:00,17.725590853028432,Percent
2021-09-02 06:51:00+00:00,95.28650955031834,Percent
2021-09-02 03:19:00+00:00,17.341666666666665,Percent
2021-09-01 16:43:00+00:00,96.56827613793563,Percent
2021-09-02 06:46:00+00:00,95.06666666666666,Percent
2021-09-02 03:14:00+00:00,95.65036246979417,Percent
2021-09-02 06:09:00+00:00,15.416666666666668,Percent
2021-09-02 02:37:00+00:00,93.69531523423828,Percent
2021-09-01 16:01:00+00:00,96.88843705209827,Percent
2021-09-02 11:31:00+00:00,94.75675405409909,Percent
2021-09-02 07:59:00+00:00,13.758104031599474,Percent
2021-09-01 16:38:00+00:00,3.441724028733812,Percent
2021-09-02 01:05:00+00:00,94.98016732775574,Percent
2021-09-01 21:33:00+00:00,93.99843335944401,Percent
2021-09-02 06:59:00+00:00,14.166902781713029,Percent
2021-09-02 03:27:00+00:00,94.74482482749424,Percent
2021-09-02 11:41:00+00:00,94.22765989365426,Percent
2021-09-02 07:54:00+00:00,94.7218426052465,Percent
2021-09-02 12:55:00+00:00,95.27023648817558,Percent
2021-09-01 17:46:00+00:00,95.60318677289243,Percent
2021-09-01 21:18:00+00:00,7.591919730657688,Percent
2021-09-02 02:19:00+00:00,18.91729724324144,Percent
2021-09-01 16:51:00+00:00,95.725,Percent
2021-09-02 11:26:00+00:00,93.65833333333333,Percent
2021-09-02 13:40:00+00:00,94.29480982699422,Percent
2021-09-01 21:10:00+00:00,94.64008933184446,Percent
2021-09-01 17:38:00+00:00,4.30014333811127,Percent
2021-09-01 23:32:00+00:00,96.11666666666666,Percent
2021-09-02 03:04:00+00:00,93.85,Percent
2021-09-01 15:37:00+00:00,96.40511982933901,Percent
2021-09-01 22:24:00+00:00,95.8182636377273,Percent
2021-09-01 18:52:00+00:00,95.69007183213614,Percent
2021-09-02 05:45:00+00:00,95.17698820078661,Percent
2021-09-02 02:13:00+00:00,94.29166666666666,Percent
2021-09-02 12:32:00+00:00,96.50189987334177,Percent
2021-09-02 09:00:00+00:00,97.13171447142548,Percent
2021-09-02 12:26:00+00:00,95.73333333333333,Percent
2021-09-02 01:50:00+00:00,94.11980399346645,Percent
2021-09-02 01:13:00+00:00,94.05313510450348,Percent
2021-09-01 21:41:00+00:00,95.05833333333334,Percent
2021-09-01 17:01:00+00:00,95.29841169313846,Percent
2021-09-02 02:27:00+00:00,93.87863940136326,Percent
2021-09-01 22:55:00+00:00,94.95158252637545,Percent
2021-09-02 11:18:00+00:00,21.017016950282507,Percent
2021-09-02 07:46:00+00:00,92.79012016466392,Percent
2021-09-01 22:18:00+00:00,8.432911687748947,Percent
2021-09-02 10:41:00+00:00,95.56666666666666,Percent
2021-09-02 07:09:00+00:00,14.425240420673676,Percent
2021-09-02 13:03:00+00:00,96.00673322111298,Percent
2021-09-01 20:33:00+00:00,95.06508224862918,Percent
2021-09-02 02:56:00+00:00,94.15882009832514,Percent
2021-09-01 23:24:00+00:00,95.51666666666668,Percent
2021-09-01 22:47:00+00:00,94.66508891518474,Percent
2021-09-02 13:32:00+00:00,94.75315843861462,Percent
2021-09-02 11:49:00+00:00,10.083165280578658,Percent
